start_time,end_time,type,Blinzeln,FussBewegen,LuftAnhalten,NaseRuempfen,Schlucken,Entspannen
0,15,pause_between_trials,,,,,,
15,15.2,pause,,,,,,
15.2,15.399999999999999,Blinzeln,,,,,,
15.399999999999999,15.599999999999998,pause,,,,,,
15.599999999999998,15.799999999999997,Entspannen,,,,,,
15.799999999999997,15.999999999999996,pause,,,,,,
15.999999999999996,16.199999999999996,Schlucken,,,,,,
16.199999999999996,16.399999999999995,pause,,,,,,
16.399999999999995,16.599999999999994,Blinzeln,,,,,,
16.599999999999994,16.799999999999994,pause,,,,,,
16.799999999999994,16.999999999999993,NaseRuempfen,,,,,,
16.999999999999993,17.199999999999992,pause,,,,,,
17.199999999999992,17.39999999999999,Blinzeln,,,,,,
17.39999999999999,17.59999999999999,pause,,,,,,
17.59999999999999,17.79999999999999,Schlucken,,,,,,
17.79999999999999,17.99999999999999,pause,,,,,,
17.99999999999999,18.19999999999999,LuftAnhalten,,,,,,
18.19999999999999,18.399999999999988,pause,,,,,,
18.399999999999988,18.599999999999987,LuftAnhalten,,,,,,
18.599999999999987,18.799999999999986,pause,,,,,,
18.799999999999986,18.999999999999986,FussBewegen,,,,,,
18.999999999999986,19.199999999999985,pause,,,,,,
19.199999999999985,19.399999999999984,LuftAnhalten,,,,,,
19.399999999999984,19.599999999999984,pause,,,,,,
19.599999999999984,19.799999999999983,Schlucken,,,,,,
19.799999999999983,19.999999999999982,pause,,,,,,
19.999999999999982,20.19999999999998,Blinzeln,,,,,,
20.19999999999998,20.39999999999998,pause,,,,,,
20.39999999999998,20.59999999999998,Entspannen,,,,,,
20.59999999999998,20.79999999999998,pause,,,,,,
20.79999999999998,20.99999999999998,Blinzeln,,,,,,
20.99999999999998,21.199999999999978,pause,,,,,,
21.199999999999978,21.399999999999977,NaseRuempfen,,,,,,
21.399999999999977,21.599999999999977,pause,,,,,,
21.599999999999977,21.799999999999976,FussBewegen,,,,,,
21.799999999999976,21.999999999999975,pause,,,,,,
21.999999999999975,22.199999999999974,Schlucken,,,,,,
22.199999999999974,22.399999999999974,pause,,,,,,
22.399999999999974,22.599999999999973,Blinzeln,,,,,,
22.599999999999973,22.799999999999972,pause,,,,,,
22.799999999999972,22.99999999999997,Schlucken,,,,,,
22.99999999999997,23.19999999999997,pause,,,,,,
23.19999999999997,23.39999999999997,LuftAnhalten,,,,,,
23.39999999999997,23.59999999999997,pause,,,,,,
23.59999999999997,23.79999999999997,Entspannen,,,,,,
23.79999999999997,23.999999999999968,pause,,,,,,
23.999999999999968,24.199999999999967,LuftAnhalten,,,,,,
24.199999999999967,24.399999999999967,pause,,,,,,
24.399999999999967,24.599999999999966,Blinzeln,,,,,,
24.599999999999966,24.799999999999965,pause,,,,,,
24.799999999999965,24.999999999999964,Schlucken,,,,,,
24.999999999999964,25.199999999999964,pause,,,,,,
25.199999999999964,25.399999999999963,LuftAnhalten,,,,,,
25.399999999999963,25.599999999999962,pause,,,,,,
25.599999999999962,25.79999999999996,Blinzeln,,,,,,
25.79999999999996,25.99999999999996,pause,,,,,,
25.99999999999996,26.19999999999996,FussBewegen,,,,,,
26.19999999999996,26.39999999999996,pause,,,,,,
26.39999999999996,26.59999999999996,Blinzeln,,,,,,
26.59999999999996,26.799999999999958,pause,,,,,,
26.799999999999958,26.999999999999957,FussBewegen,,,,,,
26.999999999999957,27.199999999999957,pause,,,,,,
27.199999999999957,27.399999999999956,LuftAnhalten,,,,,,
27.399999999999956,27.599999999999955,pause,,,,,,
27.599999999999955,27.799999999999955,Schlucken,,,,,,
27.799999999999955,27.999999999999954,pause,,,,,,
27.999999999999954,28.199999999999953,FussBewegen,,,,,,
28.199999999999953,28.399999999999952,pause,,,,,,
28.399999999999952,28.59999999999995,Blinzeln,,,,,,
28.59999999999995,28.79999999999995,pause,,,,,,
28.79999999999995,28.99999999999995,Schlucken,,,,,,
28.99999999999995,29.19999999999995,pause,,,,,,
29.19999999999995,29.39999999999995,NaseRuempfen,,,,,,
29.39999999999995,29.599999999999948,pause,,,,,,
29.599999999999948,29.799999999999947,Blinzeln,,,,,,
29.799999999999947,29.999999999999947,pause,,,,,,
29.999999999999947,30.199999999999946,LuftAnhalten,,,,,,
30.199999999999946,30.399999999999945,pause,,,,,,
30.399999999999945,30.599999999999945,Blinzeln,,,,,,
30.599999999999945,30.799999999999944,pause,,,,,,
30.799999999999944,30.999999999999943,LuftAnhalten,,,,,,
30.999999999999943,31.199999999999942,pause,,,,,,
31.199999999999942,31.39999999999994,Entspannen,,,,,,
31.39999999999994,31.59999999999994,pause,,,,,,
31.59999999999994,31.79999999999994,Blinzeln,,,,,,
31.79999999999994,31.99999999999994,pause,,,,,,
31.99999999999994,32.19999999999994,NaseRuempfen,,,,,,
32.19999999999994,32.399999999999935,pause,,,,,,
32.399999999999935,32.59999999999994,NaseRuempfen,,,,,,
32.59999999999994,32.79999999999993,pause,,,,,,
32.79999999999993,32.999999999999936,FussBewegen,,,,,,
32.999999999999936,33.19999999999993,pause,,,,,,
33.19999999999993,33.399999999999935,Blinzeln,,,,,,
33.399999999999935,33.59999999999993,pause,,,,,,
33.59999999999993,33.79999999999993,LuftAnhalten,,,,,,
33.79999999999993,33.99999999999993,pause,,,,,,
33.99999999999993,34.19999999999993,Schlucken,,,,,,
34.19999999999993,34.39999999999993,pause,,,,,,
34.39999999999993,34.59999999999993,Blinzeln,,,,,,
34.59999999999993,34.799999999999926,pause,,,,,,
34.799999999999926,34.99999999999993,FussBewegen,,,,,,
34.99999999999993,35.199999999999925,pause,,,,,,
35.199999999999925,35.39999999999993,FussBewegen,,,,,,
35.39999999999993,35.59999999999992,pause,,,,,,
35.59999999999992,35.799999999999926,Entspannen,,,,,,
35.799999999999926,35.99999999999992,pause,,,,,,
35.99999999999992,36.199999999999925,Entspannen,,,,,,
36.199999999999925,36.39999999999992,pause,,,,,,
36.39999999999992,36.59999999999992,Blinzeln,,,,,,
36.59999999999992,36.79999999999992,pause,,,,,,
36.79999999999992,36.99999999999992,LuftAnhalten,,,,,,
36.99999999999992,37.19999999999992,pause,,,,,,
37.19999999999992,37.39999999999992,Blinzeln,,,,,,
37.39999999999992,37.599999999999916,pause,,,,,,
37.599999999999916,37.79999999999992,NaseRuempfen,,,,,,
37.79999999999992,37.999999999999915,pause,,,,,,
37.999999999999915,38.19999999999992,FussBewegen,,,,,,
38.19999999999992,38.39999999999991,pause,,,,,,
38.39999999999991,38.599999999999916,Blinzeln,,,,,,
38.599999999999916,38.79999999999991,pause,,,,,,
38.79999999999991,38.999999999999915,NaseRuempfen,,,,,,
38.999999999999915,39.19999999999991,pause,,,,,,
39.19999999999991,39.39999999999991,LuftAnhalten,,,,,,
39.39999999999991,39.59999999999991,pause,,,,,,
39.59999999999991,39.79999999999991,FussBewegen,,,,,,
39.79999999999991,39.99999999999991,pause,,,,,,
39.99999999999991,40.19999999999991,Blinzeln,,,,,,
40.19999999999991,40.399999999999906,pause,,,,,,
40.399999999999906,40.59999999999991,Schlucken,,,,,,
40.59999999999991,40.799999999999905,pause,,,,,,
40.799999999999905,40.99999999999991,Blinzeln,,,,,,
40.99999999999991,41.1999999999999,pause,,,,,,
41.1999999999999,41.399999999999906,Entspannen,,,,,,
41.399999999999906,41.5999999999999,pause,,,,,,
41.5999999999999,41.799999999999905,LuftAnhalten,,,,,,
41.799999999999905,41.9999999999999,pause,,,,,,
41.9999999999999,42.1999999999999,Entspannen,,,,,,
42.1999999999999,42.3999999999999,pause,,,,,,
42.3999999999999,42.5999999999999,Blinzeln,,,,,,
42.5999999999999,42.7999999999999,pause,,,,,,
42.7999999999999,42.9999999999999,FussBewegen,,,,,,
42.9999999999999,43.199999999999896,pause,,,,,,
43.199999999999896,43.3999999999999,LuftAnhalten,,,,,,
43.3999999999999,43.599999999999895,pause,,,,,,
43.599999999999895,43.7999999999999,Blinzeln,,,,,,
43.7999999999999,43.99999999999989,pause,,,,,,
43.99999999999989,44.199999999999896,Entspannen,,,,,,
44.199999999999896,44.39999999999989,pause,,,,,,
44.39999999999989,44.599999999999895,Schlucken,,,,,,
44.599999999999895,44.79999999999989,pause,,,,,,
44.79999999999989,44.99999999999989,Blinzeln,,,,,,
44.99999999999989,45.19999999999989,pause,,,,,,
45.19999999999989,45.39999999999989,LuftAnhalten,,,,,,
45.39999999999989,45.59999999999989,pause,,,,,,
45.59999999999989,45.79999999999989,Schlucken,,,,,,
45.79999999999989,45.999999999999886,pause,,,,,,
45.999999999999886,46.19999999999989,Blinzeln,,,,,,
46.19999999999989,46.399999999999885,pause,,,,,,
46.399999999999885,46.59999999999989,FussBewegen,,,,,,
46.59999999999989,46.79999999999988,pause,,,,,,
46.79999999999988,46.999999999999886,FussBewegen,,,,,,
46.999999999999886,47.19999999999988,pause,,,,,,
47.19999999999988,47.399999999999885,Entspannen,,,,,,
47.399999999999885,47.59999999999988,pause,,,,,,
47.59999999999988,47.79999999999988,Blinzeln,,,,,,
47.79999999999988,47.99999999999988,pause,,,,,,
47.99999999999988,48.19999999999988,Entspannen,,,,,,
48.19999999999988,48.39999999999988,pause,,,,,,
48.39999999999988,48.59999999999988,Blinzeln,,,,,,
48.59999999999988,48.799999999999876,pause,,,,,,
48.799999999999876,48.99999999999988,Entspannen,,,,,,
48.99999999999988,49.199999999999875,pause,,,,,,
49.199999999999875,49.39999999999988,Entspannen,,,,,,
49.39999999999988,49.59999999999987,pause,,,,,,
49.59999999999987,49.799999999999876,FussBewegen,,,,,,
49.799999999999876,49.99999999999987,pause,,,,,,
49.99999999999987,50.199999999999875,Blinzeln,,,,,,
50.199999999999875,50.39999999999987,pause,,,,,,
50.39999999999987,50.59999999999987,Schlucken,,,,,,
50.59999999999987,50.79999999999987,pause,,,,,,
50.79999999999987,50.99999999999987,FussBewegen,,,,,,
50.99999999999987,51.19999999999987,pause,,,,,,
51.19999999999987,51.39999999999987,NaseRuempfen,,,,,,
51.39999999999987,51.599999999999866,pause,,,,,,
51.599999999999866,51.79999999999987,NaseRuempfen,,,,,,
51.79999999999987,51.999999999999865,pause,,,,,,
51.999999999999865,52.19999999999987,LuftAnhalten,,,,,,
52.19999999999987,52.399999999999864,pause,,,,,,
52.399999999999864,52.599999999999866,Blinzeln,,,,,,
52.599999999999866,52.79999999999986,pause,,,,,,
52.79999999999986,52.999999999999865,Schlucken,,,,,,
52.999999999999865,53.19999999999986,pause,,,,,,
53.19999999999986,53.399999999999864,Entspannen,,,,,,
53.399999999999864,53.59999999999986,pause,,,,,,
53.59999999999986,53.79999999999986,Blinzeln,,,,,,
53.79999999999986,53.99999999999986,pause,,,,,,
53.99999999999986,54.19999999999986,LuftAnhalten,,,,,,
54.19999999999986,54.39999999999986,pause,,,,,,
54.39999999999986,54.59999999999986,Blinzeln,,,,,,
54.59999999999986,54.799999999999855,pause,,,,,,
54.799999999999855,54.99999999999986,LuftAnhalten,,,,,,
54.99999999999986,55.199999999999854,pause,,,,,,
55.199999999999854,55.39999999999986,LuftAnhalten,,,,,,
55.39999999999986,55.59999999999985,pause,,,,,,
55.59999999999985,55.799999999999855,LuftAnhalten,,,,,,
55.799999999999855,55.99999999999985,pause,,,,,,
55.99999999999985,56.199999999999854,Blinzeln,,,,,,
56.199999999999854,56.39999999999985,pause,,,,,,
56.39999999999985,56.59999999999985,Entspannen,,,,,,
56.59999999999985,56.79999999999985,pause,,,,,,
56.79999999999985,56.99999999999985,Blinzeln,,,,,,
56.99999999999985,57.19999999999985,pause,,,,,,
57.19999999999985,57.39999999999985,NaseRuempfen,,,,,,
57.39999999999985,57.599999999999845,pause,,,,,,
57.599999999999845,57.79999999999985,Entspannen,,,,,,
57.79999999999985,57.999999999999844,pause,,,,,,
57.999999999999844,58.19999999999985,Blinzeln,,,,,,
58.19999999999985,58.39999999999984,pause,,,,,,
58.39999999999984,58.599999999999845,FussBewegen,,,,,,
58.599999999999845,58.79999999999984,pause,,,,,,
58.79999999999984,58.999999999999844,Entspannen,,,,,,
58.999999999999844,59.19999999999984,pause,,,,,,
59.19999999999984,59.39999999999984,Blinzeln,,,,,,
59.39999999999984,59.59999999999984,pause,,,,,,
59.59999999999984,59.79999999999984,Entspannen,,,,,,
59.79999999999984,59.99999999999984,pause,,,,,,
59.99999999999984,60.19999999999984,FussBewegen,,,,,,
60.19999999999984,60.399999999999835,pause,,,,,,
60.399999999999835,60.59999999999984,Blinzeln,,,,,,
60.59999999999984,60.799999999999834,pause,,,,,,
60.799999999999834,60.99999999999984,Schlucken,,,,,,
60.99999999999984,61.19999999999983,pause,,,,,,
61.19999999999983,61.399999999999835,Blinzeln,,,,,,
61.399999999999835,61.59999999999983,pause,,,,,,
61.59999999999983,61.799999999999834,Entspannen,,,,,,
61.799999999999834,61.99999999999983,pause,,,,,,
61.99999999999983,62.19999999999983,Entspannen,,,,,,
62.19999999999983,62.39999999999983,pause,,,,,,
62.39999999999983,62.59999999999983,NaseRuempfen,,,,,,
62.59999999999983,62.79999999999983,pause,,,,,,
62.79999999999983,62.99999999999983,FussBewegen,,,,,,
62.99999999999983,63.199999999999825,pause,,,,,,
63.199999999999825,63.39999999999983,LuftAnhalten,,,,,,
63.39999999999983,63.599999999999824,pause,,,,,,
63.599999999999824,63.79999999999983,Blinzeln,,,,,,
63.79999999999983,63.99999999999982,pause,,,,,,
63.99999999999982,64.19999999999982,Schlucken,,,,,,
64.19999999999982,64.39999999999982,pause,,,,,,
64.39999999999982,64.59999999999982,Blinzeln,,,,,,
64.59999999999982,64.79999999999983,pause,,,,,,
64.79999999999983,64.99999999999983,LuftAnhalten,,,,,,
64.99999999999983,65.19999999999983,pause,,,,,,
65.19999999999983,65.39999999999984,NaseRuempfen,,,,,,
65.39999999999984,65.59999999999984,pause,,,,,,
65.59999999999984,65.79999999999984,FussBewegen,,,,,,
65.79999999999984,65.99999999999984,pause,,,,,,
65.99999999999984,66.19999999999985,Blinzeln,,,,,,
66.19999999999985,66.39999999999985,pause,,,,,,
66.39999999999985,66.59999999999985,Entspannen,,,,,,
66.59999999999985,66.79999999999986,pause,,,,,,
66.79999999999986,66.99999999999986,Entspannen,,,,,,
66.99999999999986,67.19999999999986,pause,,,,,,
67.19999999999986,67.39999999999986,NaseRuempfen,,,,,,
67.39999999999986,67.59999999999987,pause,,,,,,
67.59999999999987,67.79999999999987,FussBewegen,,,,,,
67.79999999999987,67.99999999999987,pause,,,,,,
67.99999999999987,68.19999999999987,LuftAnhalten,,,,,,
68.19999999999987,68.39999999999988,pause,,,,,,
68.39999999999988,68.59999999999988,Blinzeln,,,,,,
68.59999999999988,68.79999999999988,pause,,,,,,
68.79999999999988,68.99999999999989,NaseRuempfen,,,,,,
68.99999999999989,69.19999999999989,pause,,,,,,
69.19999999999989,69.39999999999989,LuftAnhalten,,,,,,
69.39999999999989,69.5999999999999,pause,,,,,,
69.5999999999999,69.7999999999999,Blinzeln,,,,,,
69.7999999999999,69.9999999999999,pause,,,,,,
69.9999999999999,70.1999999999999,LuftAnhalten,,,,,,
70.1999999999999,70.3999999999999,pause,,,,,,
70.3999999999999,70.59999999999991,Blinzeln,,,,,,
70.59999999999991,70.79999999999991,pause,,,,,,
70.79999999999991,70.99999999999991,NaseRuempfen,,,,,,
70.99999999999991,71.19999999999992,pause,,,,,,
71.19999999999992,71.39999999999992,Blinzeln,,,,,,
71.39999999999992,71.59999999999992,pause,,,,,,
71.59999999999992,71.79999999999993,NaseRuempfen,,,,,,
71.79999999999993,71.99999999999993,pause,,,,,,
71.99999999999993,72.19999999999993,LuftAnhalten,,,,,,
72.19999999999993,72.39999999999993,pause,,,,,,
72.39999999999993,72.59999999999994,Entspannen,,,,,,
72.59999999999994,72.79999999999994,pause,,,,,,
72.79999999999994,72.99999999999994,LuftAnhalten,,,,,,
72.99999999999994,73.19999999999995,pause,,,,,,
73.19999999999995,73.39999999999995,Blinzeln,,,,,,
73.39999999999995,73.59999999999995,pause,,,,,,
73.59999999999995,73.79999999999995,Entspannen,,,,,,
73.79999999999995,73.99999999999996,pause,,,,,,
73.99999999999996,74.19999999999996,Entspannen,,,,,,
74.19999999999996,74.39999999999996,pause,,,,,,
74.39999999999996,74.59999999999997,Blinzeln,,,,,,
74.59999999999997,74.79999999999997,pause,,,,,,
74.79999999999997,74.99999999999997,Schlucken,,,,,,
74.99999999999997,75.19999999999997,pause,,,,,,
75.19999999999997,75.39999999999998,NaseRuempfen,,,,,,
75.39999999999998,90.39999999999998,pause_between_trials,,,,,,
90.39999999999998,90.59999999999998,pause,,,,,,
90.59999999999998,90.79999999999998,FussBewegen,,,,,,
90.79999999999998,90.99999999999999,pause,,,,,,
90.99999999999999,91.19999999999999,NaseRuempfen,,,,,,
91.19999999999999,91.39999999999999,pause,,,,,,
91.39999999999999,91.6,Blinzeln,,,,,,
91.6,91.8,pause,,,,,,
91.8,92.0,Entspannen,,,,,,
92.0,92.2,pause,,,,,,
92.2,92.4,FussBewegen,,,,,,
92.4,92.60000000000001,pause,,,,,,
92.60000000000001,92.80000000000001,Blinzeln,,,,,,
92.80000000000001,93.00000000000001,pause,,,,,,
93.00000000000001,93.20000000000002,LuftAnhalten,,,,,,
93.20000000000002,93.40000000000002,pause,,,,,,
93.40000000000002,93.60000000000002,FussBewegen,,,,,,
93.60000000000002,93.80000000000003,pause,,,,,,
93.80000000000003,94.00000000000003,Schlucken,,,,,,
94.00000000000003,94.20000000000003,pause,,,,,,
94.20000000000003,94.40000000000003,FussBewegen,,,,,,
94.40000000000003,94.60000000000004,pause,,,,,,
94.60000000000004,94.80000000000004,Schlucken,,,,,,
94.80000000000004,95.00000000000004,pause,,,,,,
95.00000000000004,95.20000000000005,FussBewegen,,,,,,
95.20000000000005,95.40000000000005,pause,,,,,,
95.40000000000005,95.60000000000005,Schlucken,,,,,,
95.60000000000005,95.80000000000005,pause,,,,,,
95.80000000000005,96.00000000000006,Entspannen,,,,,,
96.00000000000006,96.20000000000006,pause,,,,,,
96.20000000000006,96.40000000000006,FussBewegen,,,,,,
96.40000000000006,96.60000000000007,pause,,,,,,
96.60000000000007,96.80000000000007,NaseRuempfen,,,,,,
96.80000000000007,97.00000000000007,pause,,,,,,
97.00000000000007,97.20000000000007,NaseRuempfen,,,,,,
97.20000000000007,97.40000000000008,pause,,,,,,
97.40000000000008,97.60000000000008,NaseRuempfen,,,,,,
97.60000000000008,97.80000000000008,pause,,,,,,
97.80000000000008,98.00000000000009,Blinzeln,,,,,,
98.00000000000009,98.20000000000009,pause,,,,,,
98.20000000000009,98.40000000000009,LuftAnhalten,,,,,,
98.40000000000009,98.6000000000001,pause,,,,,,
98.6000000000001,98.8000000000001,FussBewegen,,,,,,
98.8000000000001,99.0000000000001,pause,,,,,,
99.0000000000001,99.2000000000001,NaseRuempfen,,,,,,
99.2000000000001,99.4000000000001,pause,,,,,,
99.4000000000001,99.60000000000011,FussBewegen,,,,,,
99.60000000000011,99.80000000000011,pause,,,,,,
99.80000000000011,100.00000000000011,Blinzeln,,,,,,
100.00000000000011,100.20000000000012,pause,,,,,,
100.20000000000012,100.40000000000012,Schlucken,,,,,,
100.40000000000012,100.60000000000012,pause,,,,,,
100.60000000000012,100.80000000000013,Schlucken,,,,,,
100.80000000000013,101.00000000000013,pause,,,,,,
101.00000000000013,101.20000000000013,FussBewegen,,,,,,
101.20000000000013,101.40000000000013,pause,,,,,,
101.40000000000013,101.60000000000014,Blinzeln,,,,,,
101.60000000000014,101.80000000000014,pause,,,,,,
101.80000000000014,102.00000000000014,NaseRuempfen,,,,,,
102.00000000000014,102.20000000000014,pause,,,,,,
102.20000000000014,102.40000000000015,Entspannen,,,,,,
102.40000000000015,102.60000000000015,pause,,,,,,
102.60000000000015,102.80000000000015,Schlucken,,,,,,
102.80000000000015,103.00000000000016,pause,,,,,,
103.00000000000016,103.20000000000016,Entspannen,,,,,,
103.20000000000016,103.40000000000016,pause,,,,,,
103.40000000000016,103.60000000000016,FussBewegen,,,,,,
103.60000000000016,103.80000000000017,pause,,,,,,
103.80000000000017,104.00000000000017,Blinzeln,,,,,,
104.00000000000017,104.20000000000017,pause,,,,,,
104.20000000000017,104.40000000000018,Blinzeln,,,,,,
104.40000000000018,104.60000000000018,pause,,,,,,
104.60000000000018,104.80000000000018,FussBewegen,,,,,,
104.80000000000018,105.00000000000018,pause,,,,,,
105.00000000000018,105.20000000000019,Blinzeln,,,,,,
105.20000000000019,105.40000000000019,pause,,,,,,
105.40000000000019,105.6000000000002,FussBewegen,,,,,,
105.6000000000002,105.8000000000002,pause,,,,,,
105.8000000000002,106.0000000000002,Entspannen,,,,,,
106.0000000000002,106.2000000000002,pause,,,,,,
106.2000000000002,106.4000000000002,Schlucken,,,,,,
106.4000000000002,106.60000000000021,pause,,,,,,
106.60000000000021,106.80000000000021,FussBewegen,,,,,,
106.80000000000021,107.00000000000021,pause,,,,,,
107.00000000000021,107.20000000000022,Blinzeln,,,,,,
107.20000000000022,107.40000000000022,pause,,,,,,
107.40000000000022,107.60000000000022,Entspannen,,,,,,
107.60000000000022,107.80000000000022,pause,,,,,,
107.80000000000022,108.00000000000023,FussBewegen,,,,,,
108.00000000000023,108.20000000000023,pause,,,,,,
108.20000000000023,108.40000000000023,Blinzeln,,,,,,
108.40000000000023,108.60000000000024,pause,,,,,,
108.60000000000024,108.80000000000024,Blinzeln,,,,,,
108.80000000000024,109.00000000000024,pause,,,,,,
109.00000000000024,109.20000000000024,FussBewegen,,,,,,
109.20000000000024,109.40000000000025,pause,,,,,,
109.40000000000025,109.60000000000025,Schlucken,,,,,,
109.60000000000025,109.80000000000025,pause,,,,,,
109.80000000000025,110.00000000000026,NaseRuempfen,,,,,,
110.00000000000026,110.20000000000026,pause,,,,,,
110.20000000000026,110.40000000000026,Blinzeln,,,,,,
110.40000000000026,110.60000000000026,pause,,,,,,
110.60000000000026,110.80000000000027,FussBewegen,,,,,,
110.80000000000027,111.00000000000027,pause,,,,,,
111.00000000000027,111.20000000000027,Entspannen,,,,,,
111.20000000000027,111.40000000000028,pause,,,,,,
111.40000000000028,111.60000000000028,Schlucken,,,,,,
111.60000000000028,111.80000000000028,pause,,,,,,
111.80000000000028,112.00000000000028,FussBewegen,,,,,,
112.00000000000028,112.20000000000029,pause,,,,,,
112.20000000000029,112.40000000000029,Schlucken,,,,,,
112.40000000000029,112.60000000000029,pause,,,,,,
112.60000000000029,112.8000000000003,NaseRuempfen,,,,,,
112.8000000000003,113.0000000000003,pause,,,,,,
113.0000000000003,113.2000000000003,FussBewegen,,,,,,
113.2000000000003,113.4000000000003,pause,,,,,,
113.4000000000003,113.6000000000003,Blinzeln,,,,,,
113.6000000000003,113.80000000000031,pause,,,,,,
113.80000000000031,114.00000000000031,Entspannen,,,,,,
114.00000000000031,114.20000000000032,pause,,,,,,
114.20000000000032,114.40000000000032,FussBewegen,,,,,,
114.40000000000032,114.60000000000032,pause,,,,,,
114.60000000000032,114.80000000000032,Blinzeln,,,,,,
114.80000000000032,115.00000000000033,pause,,,,,,
115.00000000000033,115.20000000000033,LuftAnhalten,,,,,,
115.20000000000033,115.40000000000033,pause,,,,,,
115.40000000000033,115.60000000000034,NaseRuempfen,,,,,,
115.60000000000034,115.80000000000034,pause,,,,,,
115.80000000000034,116.00000000000034,LuftAnhalten,,,,,,
116.00000000000034,116.20000000000034,pause,,,,,,
116.20000000000034,116.40000000000035,FussBewegen,,,,,,
116.40000000000035,116.60000000000035,pause,,,,,,
116.60000000000035,116.80000000000035,Blinzeln,,,,,,
116.80000000000035,117.00000000000036,pause,,,,,,
117.00000000000036,117.20000000000036,Schlucken,,,,,,
117.20000000000036,117.40000000000036,pause,,,,,,
117.40000000000036,117.60000000000036,FussBewegen,,,,,,
117.60000000000036,117.80000000000037,pause,,,,,,
117.80000000000037,118.00000000000037,Schlucken,,,,,,
118.00000000000037,118.20000000000037,pause,,,,,,
118.20000000000037,118.40000000000038,NaseRuempfen,,,,,,
118.40000000000038,118.60000000000038,pause,,,,,,
118.60000000000038,118.80000000000038,FussBewegen,,,,,,
118.80000000000038,119.00000000000038,pause,,,,,,
119.00000000000038,119.20000000000039,Entspannen,,,,,,
119.20000000000039,119.40000000000039,pause,,,,,,
119.40000000000039,119.60000000000039,LuftAnhalten,,,,,,
119.60000000000039,119.8000000000004,pause,,,,,,
119.8000000000004,120.0000000000004,FussBewegen,,,,,,
120.0000000000004,120.2000000000004,pause,,,,,,
120.2000000000004,120.4000000000004,Entspannen,,,,,,
120.4000000000004,120.6000000000004,pause,,,,,,
120.6000000000004,120.80000000000041,LuftAnhalten,,,,,,
120.80000000000041,121.00000000000041,pause,,,,,,
121.00000000000041,121.20000000000041,FussBewegen,,,,,,
121.20000000000041,121.40000000000042,pause,,,,,,
121.40000000000042,121.60000000000042,Blinzeln,,,,,,
121.60000000000042,121.80000000000042,pause,,,,,,
121.80000000000042,122.00000000000043,Schlucken,,,,,,
122.00000000000043,122.20000000000043,pause,,,,,,
122.20000000000043,122.40000000000043,Schlucken,,,,,,
122.40000000000043,122.60000000000043,pause,,,,,,
122.60000000000043,122.80000000000044,FussBewegen,,,,,,
122.80000000000044,123.00000000000044,pause,,,,,,
123.00000000000044,123.20000000000044,NaseRuempfen,,,,,,
123.20000000000044,123.40000000000045,pause,,,,,,
123.40000000000045,123.60000000000045,NaseRuempfen,,,,,,
123.60000000000045,123.80000000000045,pause,,,,,,
123.80000000000045,124.00000000000045,Schlucken,,,,,,
124.00000000000045,124.20000000000046,pause,,,,,,
124.20000000000046,124.40000000000046,FussBewegen,,,,,,
124.40000000000046,124.60000000000046,pause,,,,,,
124.60000000000046,124.80000000000047,NaseRuempfen,,,,,,
124.80000000000047,125.00000000000047,pause,,,,,,
125.00000000000047,125.20000000000047,LuftAnhalten,,,,,,
125.20000000000047,125.40000000000047,pause,,,,,,
125.40000000000047,125.60000000000048,FussBewegen,,,,,,
125.60000000000048,125.80000000000048,pause,,,,,,
125.80000000000048,126.00000000000048,LuftAnhalten,,,,,,
126.00000000000048,126.20000000000049,pause,,,,,,
126.20000000000049,126.40000000000049,Schlucken,,,,,,
126.40000000000049,126.60000000000049,pause,,,,,,
126.60000000000049,126.8000000000005,FussBewegen,,,,,,
126.8000000000005,127.0000000000005,pause,,,,,,
127.0000000000005,127.2000000000005,Schlucken,,,,,,
127.2000000000005,127.4000000000005,pause,,,,,,
127.4000000000005,127.6000000000005,FussBewegen,,,,,,
127.6000000000005,127.80000000000051,pause,,,,,,
127.80000000000051,128.0000000000005,Entspannen,,,,,,
128.0000000000005,128.2000000000005,pause,,,,,,
128.2000000000005,128.4000000000005,NaseRuempfen,,,,,,
128.4000000000005,128.60000000000048,pause,,,,,,
128.60000000000048,128.80000000000047,LuftAnhalten,,,,,,
128.80000000000047,129.00000000000045,pause,,,,,,
129.00000000000045,129.20000000000044,FussBewegen,,,,,,
129.20000000000044,129.40000000000043,pause,,,,,,
129.40000000000043,129.60000000000042,Blinzeln,,,,,,
129.60000000000042,129.8000000000004,pause,,,,,,
129.8000000000004,130.0000000000004,Entspannen,,,,,,
130.0000000000004,130.2000000000004,pause,,,,,,
130.2000000000004,130.40000000000038,FussBewegen,,,,,,
130.40000000000038,130.60000000000036,pause,,,,,,
130.60000000000036,130.80000000000035,NaseRuempfen,,,,,,
130.80000000000035,131.00000000000034,pause,,,,,,
131.00000000000034,131.20000000000033,FussBewegen,,,,,,
131.20000000000033,131.40000000000032,pause,,,,,,
131.40000000000032,131.6000000000003,Schlucken,,,,,,
131.6000000000003,131.8000000000003,pause,,,,,,
131.8000000000003,132.00000000000028,Blinzeln,,,,,,
132.00000000000028,132.20000000000027,pause,,,,,,
132.20000000000027,132.40000000000026,FussBewegen,,,,,,
132.40000000000026,132.60000000000025,pause,,,,,,
132.60000000000025,132.80000000000024,Schlucken,,,,,,
132.80000000000024,133.00000000000023,pause,,,,,,
133.00000000000023,133.20000000000022,Schlucken,,,,,,
133.20000000000022,133.4000000000002,pause,,,,,,
133.4000000000002,133.6000000000002,NaseRuempfen,,,,,,
133.6000000000002,133.80000000000018,pause,,,,,,
133.80000000000018,134.00000000000017,LuftAnhalten,,,,,,
134.00000000000017,134.20000000000016,pause,,,,,,
134.20000000000016,134.40000000000015,Blinzeln,,,,,,
134.40000000000015,134.60000000000014,pause,,,,,,
134.60000000000014,134.80000000000013,FussBewegen,,,,,,
134.80000000000013,135.0000000000001,pause,,,,,,
135.0000000000001,135.2000000000001,NaseRuempfen,,,,,,
135.2000000000001,135.4000000000001,pause,,,,,,
135.4000000000001,135.60000000000008,LuftAnhalten,,,,,,
135.60000000000008,135.80000000000007,pause,,,,,,
135.80000000000007,136.00000000000006,FussBewegen,,,,,,
136.00000000000006,136.20000000000005,pause,,,,,,
136.20000000000005,136.40000000000003,LuftAnhalten,,,,,,
136.40000000000003,136.60000000000002,pause,,,,,,
136.60000000000002,136.8,Blinzeln,,,,,,
136.8,137.0,pause,,,,,,
137.0,137.2,FussBewegen,,,,,,
137.2,137.39999999999998,pause,,,,,,
137.39999999999998,137.59999999999997,Blinzeln,,,,,,
137.59999999999997,137.79999999999995,pause,,,,,,
137.79999999999995,137.99999999999994,Entspannen,,,,,,
137.99999999999994,138.19999999999993,pause,,,,,,
138.19999999999993,138.39999999999992,NaseRuempfen,,,,,,
138.39999999999992,138.5999999999999,pause,,,,,,
138.5999999999999,138.7999999999999,Blinzeln,,,,,,
138.7999999999999,138.9999999999999,pause,,,,,,
138.9999999999999,139.19999999999987,FussBewegen,,,,,,
139.19999999999987,139.39999999999986,pause,,,,,,
139.39999999999986,139.59999999999985,NaseRuempfen,,,,,,
139.59999999999985,139.79999999999984,pause,,,,,,
139.79999999999984,139.99999999999983,FussBewegen,,,,,,
139.99999999999983,140.19999999999982,pause,,,,,,
140.19999999999982,140.3999999999998,NaseRuempfen,,,,,,
140.3999999999998,140.5999999999998,pause,,,,,,
140.5999999999998,140.79999999999978,Entspannen,,,,,,
140.79999999999978,140.99999999999977,pause,,,,,,
140.99999999999977,141.19999999999976,Blinzeln,,,,,,
141.19999999999976,141.39999999999975,pause,,,,,,
141.39999999999975,141.59999999999974,FussBewegen,,,,,,
141.59999999999974,141.79999999999973,pause,,,,,,
141.79999999999973,141.99999999999972,Entspannen,,,,,,
141.99999999999972,142.1999999999997,pause,,,,,,
142.1999999999997,142.3999999999997,FussBewegen,,,,,,
142.3999999999997,142.59999999999968,pause,,,,,,
142.59999999999968,142.79999999999967,Entspannen,,,,,,
142.79999999999967,142.99999999999966,pause,,,,,,
142.99999999999966,143.19999999999965,Entspannen,,,,,,
143.19999999999965,143.39999999999964,pause,,,,,,
143.39999999999964,143.59999999999962,Entspannen,,,,,,
143.59999999999962,143.7999999999996,pause,,,,,,
143.7999999999996,143.9999999999996,LuftAnhalten,,,,,,
143.9999999999996,144.1999999999996,pause,,,,,,
144.1999999999996,144.39999999999958,FussBewegen,,,,,,
144.39999999999958,144.59999999999957,pause,,,,,,
144.59999999999957,144.79999999999956,Entspannen,,,,,,
144.79999999999956,144.99999999999955,pause,,,,,,
144.99999999999955,145.19999999999953,NaseRuempfen,,,,,,
145.19999999999953,145.39999999999952,pause,,,,,,
145.39999999999952,145.5999999999995,FussBewegen,,,,,,
145.5999999999995,145.7999999999995,pause,,,,,,
145.7999999999995,145.9999999999995,Schlucken,,,,,,
145.9999999999995,146.19999999999948,pause,,,,,,
146.19999999999948,146.39999999999947,Blinzeln,,,,,,
146.39999999999947,146.59999999999945,pause,,,,,,
146.59999999999945,146.79999999999944,Entspannen,,,,,,
146.79999999999944,146.99999999999943,pause,,,,,,
146.99999999999943,147.19999999999942,Blinzeln,,,,,,
147.19999999999942,147.3999999999994,pause,,,,,,
147.3999999999994,147.5999999999994,FussBewegen,,,,,,
147.5999999999994,147.7999999999994,pause,,,,,,
147.7999999999994,147.99999999999937,Entspannen,,,,,,
147.99999999999937,148.19999999999936,pause,,,,,,
148.19999999999936,148.39999999999935,FussBewegen,,,,,,
148.39999999999935,148.59999999999934,pause,,,,,,
148.59999999999934,148.79999999999933,Blinzeln,,,,,,
148.79999999999933,148.99999999999932,pause,,,,,,
148.99999999999932,149.1999999999993,NaseRuempfen,,,,,,
149.1999999999993,149.3999999999993,pause,,,,,,
149.3999999999993,149.59999999999928,FussBewegen,,,,,,
149.59999999999928,149.79999999999927,pause,,,,,,
149.79999999999927,149.99999999999926,Schlucken,,,,,,
149.99999999999926,150.19999999999925,pause,,,,,,
150.19999999999925,150.39999999999924,FussBewegen,,,,,,
150.39999999999924,150.59999999999923,pause,,,,,,
150.59999999999923,150.79999999999922,Schlucken,,,,,,
150.79999999999922,165.79999999999922,pause_between_trials,,,,,,
165.79999999999922,165.9999999999992,pause,,,,,,
165.9999999999992,166.1999999999992,LuftAnhalten,,,,,,
166.1999999999992,166.39999999999918,pause,,,,,,
166.39999999999918,166.59999999999917,Entspannen,,,,,,
166.59999999999917,166.79999999999916,pause,,,,,,
166.79999999999916,166.99999999999915,FussBewegen,,,,,,
166.99999999999915,167.19999999999914,pause,,,,,,
167.19999999999914,167.39999999999912,LuftAnhalten,,,,,,
167.39999999999912,167.5999999999991,pause,,,,,,
167.5999999999991,167.7999999999991,Blinzeln,,,,,,
167.7999999999991,167.9999999999991,pause,,,,,,
167.9999999999991,168.19999999999908,Schlucken,,,,,,
168.19999999999908,168.39999999999907,pause,,,,,,
168.39999999999907,168.59999999999906,Blinzeln,,,,,,
168.59999999999906,168.79999999999905,pause,,,,,,
168.79999999999905,168.99999999999903,FussBewegen,,,,,,
168.99999999999903,169.19999999999902,pause,,,,,,
169.19999999999902,169.399999999999,Entspannen,,,,,,
169.399999999999,169.599999999999,pause,,,,,,
169.599999999999,169.799999999999,Entspannen,,,,,,
169.799999999999,169.99999999999898,pause,,,,,,
169.99999999999898,170.19999999999897,LuftAnhalten,,,,,,
170.19999999999897,170.39999999999895,pause,,,,,,
170.39999999999895,170.59999999999894,NaseRuempfen,,,,,,
170.59999999999894,170.79999999999893,pause,,,,,,
170.79999999999893,170.99999999999892,LuftAnhalten,,,,,,
170.99999999999892,171.1999999999989,pause,,,,,,
171.1999999999989,171.3999999999989,Blinzeln,,,,,,
171.3999999999989,171.5999999999989,pause,,,,,,
171.5999999999989,171.79999999999887,FussBewegen,,,,,,
171.79999999999887,171.99999999999886,pause,,,,,,
171.99999999999886,172.19999999999885,Schlucken,,,,,,
172.19999999999885,172.39999999999884,pause,,,,,,
172.39999999999884,172.59999999999883,LuftAnhalten,,,,,,
172.59999999999883,172.79999999999882,pause,,,,,,
172.79999999999882,172.9999999999988,NaseRuempfen,,,,,,
172.9999999999988,173.1999999999988,pause,,,,,,
173.1999999999988,173.39999999999878,Blinzeln,,,,,,
173.39999999999878,173.59999999999877,pause,,,,,,
173.59999999999877,173.79999999999876,NaseRuempfen,,,,,,
173.79999999999876,173.99999999999875,pause,,,,,,
173.99999999999875,174.19999999999874,LuftAnhalten,,,,,,
174.19999999999874,174.39999999999873,pause,,,,,,
174.39999999999873,174.59999999999872,Blinzeln,,,,,,
174.59999999999872,174.7999999999987,pause,,,,,,
174.7999999999987,174.9999999999987,LuftAnhalten,,,,,,
174.9999999999987,175.19999999999868,pause,,,,,,
175.19999999999868,175.39999999999867,FussBewegen,,,,,,
175.39999999999867,175.59999999999866,pause,,,,,,
175.59999999999866,175.79999999999865,Blinzeln,,,,,,
175.79999999999865,175.99999999999864,pause,,,,,,
175.99999999999864,176.19999999999862,LuftAnhalten,,,,,,
176.19999999999862,176.3999999999986,pause,,,,,,
176.3999999999986,176.5999999999986,Entspannen,,,,,,
176.5999999999986,176.7999999999986,pause,,,,,,
176.7999999999986,176.99999999999858,NaseRuempfen,,,,,,
176.99999999999858,177.19999999999857,pause,,,,,,
177.19999999999857,177.39999999999856,LuftAnhalten,,,,,,
177.39999999999856,177.59999999999854,pause,,,,,,
177.59999999999854,177.79999999999853,NaseRuempfen,,,,,,
177.79999999999853,177.99999999999852,pause,,,,,,
177.99999999999852,178.1999999999985,LuftAnhalten,,,,,,
178.1999999999985,178.3999999999985,pause,,,,,,
178.3999999999985,178.5999999999985,Blinzeln,,,,,,
178.5999999999985,178.79999999999848,pause,,,,,,
178.79999999999848,178.99999999999847,Schlucken,,,,,,
178.99999999999847,179.19999999999845,pause,,,,,,
179.19999999999845,179.39999999999844,LuftAnhalten,,,,,,
179.39999999999844,179.59999999999843,pause,,,,,,
179.59999999999843,179.79999999999842,Schlucken,,,,,,
179.79999999999842,179.9999999999984,pause,,,,,,
179.9999999999984,180.1999999999984,NaseRuempfen,,,,,,
180.1999999999984,180.39999999999839,pause,,,,,,
180.39999999999839,180.59999999999837,Schlucken,,,,,,
180.59999999999837,180.79999999999836,pause,,,,,,
180.79999999999836,180.99999999999835,FussBewegen,,,,,,
180.99999999999835,181.19999999999834,pause,,,,,,
181.19999999999834,181.39999999999833,Schlucken,,,,,,
181.39999999999833,181.59999999999832,pause,,,,,,
181.59999999999832,181.7999999999983,Blinzeln,,,,,,
181.7999999999983,181.9999999999983,pause,,,,,,
181.9999999999983,182.19999999999828,Blinzeln,,,,,,
182.19999999999828,182.39999999999827,pause,,,,,,
182.39999999999827,182.59999999999826,LuftAnhalten,,,,,,
182.59999999999826,182.79999999999825,pause,,,,,,
182.79999999999825,182.99999999999824,NaseRuempfen,,,,,,
182.99999999999824,183.19999999999823,pause,,,,,,
183.19999999999823,183.39999999999822,Entspannen,,,,,,
183.39999999999822,183.5999999999982,pause,,,,,,
183.5999999999982,183.7999999999982,LuftAnhalten,,,,,,
183.7999999999982,183.99999999999818,pause,,,,,,
183.99999999999818,184.19999999999817,NaseRuempfen,,,,,,
184.19999999999817,184.39999999999816,pause,,,,,,
184.39999999999816,184.59999999999815,LuftAnhalten,,,,,,
184.59999999999815,184.79999999999814,pause,,,,,,
184.79999999999814,184.99999999999812,Blinzeln,,,,,,
184.99999999999812,185.1999999999981,pause,,,,,,
185.1999999999981,185.3999999999981,Blinzeln,,,,,,
185.3999999999981,185.5999999999981,pause,,,,,,
185.5999999999981,185.79999999999808,NaseRuempfen,,,,,,
185.79999999999808,185.99999999999807,pause,,,,,,
185.99999999999807,186.19999999999806,LuftAnhalten,,,,,,
186.19999999999806,186.39999999999804,pause,,,,,,
186.39999999999804,186.59999999999803,NaseRuempfen,,,,,,
186.59999999999803,186.79999999999802,pause,,,,,,
186.79999999999802,186.999999999998,LuftAnhalten,,,,,,
186.999999999998,187.199999999998,pause,,,,,,
187.199999999998,187.399999999998,Blinzeln,,,,,,
187.399999999998,187.59999999999798,pause,,,,,,
187.59999999999798,187.79999999999797,Schlucken,,,,,,
187.79999999999797,187.99999999999795,pause,,,,,,
187.99999999999795,188.19999999999794,Entspannen,,,,,,
188.19999999999794,188.39999999999793,pause,,,,,,
188.39999999999793,188.59999999999792,LuftAnhalten,,,,,,
188.59999999999792,188.7999999999979,pause,,,,,,
188.7999999999979,188.9999999999979,NaseRuempfen,,,,,,
188.9999999999979,189.19999999999789,pause,,,,,,
189.19999999999789,189.39999999999787,LuftAnhalten,,,,,,
189.39999999999787,189.59999999999786,pause,,,,,,
189.59999999999786,189.79999999999785,FussBewegen,,,,,,
189.79999999999785,189.99999999999784,pause,,,,,,
189.99999999999784,190.19999999999783,Blinzeln,,,,,,
190.19999999999783,190.39999999999782,pause,,,,,,
190.39999999999782,190.5999999999978,Entspannen,,,,,,
190.5999999999978,190.7999999999978,pause,,,,,,
190.7999999999978,190.99999999999778,NaseRuempfen,,,,,,
190.99999999999778,191.19999999999777,pause,,,,,,
191.19999999999777,191.39999999999776,LuftAnhalten,,,,,,
191.39999999999776,191.59999999999775,pause,,,,,,
191.59999999999775,191.79999999999774,Blinzeln,,,,,,
191.79999999999774,191.99999999999773,pause,,,,,,
191.99999999999773,192.19999999999771,Entspannen,,,,,,
192.19999999999771,192.3999999999977,pause,,,,,,
192.3999999999977,192.5999999999977,LuftAnhalten,,,,,,
192.5999999999977,192.79999999999768,pause,,,,,,
192.79999999999768,192.99999999999767,Schlucken,,,,,,
192.99999999999767,193.19999999999766,pause,,,,,,
193.19999999999766,193.39999999999765,Entspannen,,,,,,
193.39999999999765,193.59999999999764,pause,,,,,,
193.59999999999764,193.79999999999762,NaseRuempfen,,,,,,
193.79999999999762,193.9999999999976,pause,,,,,,
193.9999999999976,194.1999999999976,FussBewegen,,,,,,
194.1999999999976,194.3999999999976,pause,,,,,,
194.3999999999976,194.59999999999758,LuftAnhalten,,,,,,
194.59999999999758,194.79999999999757,pause,,,,,,
194.79999999999757,194.99999999999756,Blinzeln,,,,,,
194.99999999999756,195.19999999999754,pause,,,,,,
195.19999999999754,195.39999999999753,Entspannen,,,,,,
195.39999999999753,195.59999999999752,pause,,,,,,
195.59999999999752,195.7999999999975,LuftAnhalten,,,,,,
195.7999999999975,195.9999999999975,pause,,,,,,
195.9999999999975,196.1999999999975,FussBewegen,,,,,,
196.1999999999975,196.39999999999748,pause,,,,,,
196.39999999999748,196.59999999999746,LuftAnhalten,,,,,,
196.59999999999746,196.79999999999745,pause,,,,,,
196.79999999999745,196.99999999999744,FussBewegen,,,,,,
196.99999999999744,197.19999999999743,pause,,,,,,
197.19999999999743,197.39999999999742,Entspannen,,,,,,
197.39999999999742,197.5999999999974,pause,,,,,,
197.5999999999974,197.7999999999974,Entspannen,,,,,,
197.7999999999974,197.99999999999739,pause,,,,,,
197.99999999999739,198.19999999999737,LuftAnhalten,,,,,,
198.19999999999737,198.39999999999736,pause,,,,,,
198.39999999999736,198.59999999999735,Blinzeln,,,,,,
198.59999999999735,198.79999999999734,pause,,,,,,
198.79999999999734,198.99999999999733,LuftAnhalten,,,,,,
198.99999999999733,199.19999999999732,pause,,,,,,
199.19999999999732,199.3999999999973,NaseRuempfen,,,,,,
199.3999999999973,199.5999999999973,pause,,,,,,
199.5999999999973,199.79999999999728,NaseRuempfen,,,,,,
199.79999999999728,199.99999999999727,pause,,,,,,
199.99999999999727,200.19999999999726,Blinzeln,,,,,,
200.19999999999726,200.39999999999725,pause,,,,,,
200.39999999999725,200.59999999999724,LuftAnhalten,,,,,,
200.59999999999724,200.79999999999723,pause,,,,,,
200.79999999999723,200.99999999999721,FussBewegen,,,,,,
200.99999999999721,201.1999999999972,pause,,,,,,
201.1999999999972,201.3999999999972,Schlucken,,,,,,
201.3999999999972,201.59999999999718,pause,,,,,,
201.59999999999718,201.79999999999717,Schlucken,,,,,,
201.79999999999717,201.99999999999716,pause,,,,,,
201.99999999999716,202.19999999999715,NaseRuempfen,,,,,,
202.19999999999715,202.39999999999714,pause,,,,,,
202.39999999999714,202.59999999999712,LuftAnhalten,,,,,,
202.59999999999712,202.7999999999971,pause,,,,,,
202.7999999999971,202.9999999999971,Blinzeln,,,,,,
202.9999999999971,203.1999999999971,pause,,,,,,
203.1999999999971,203.39999999999708,LuftAnhalten,,,,,,
203.39999999999708,203.59999999999707,pause,,,,,,
203.59999999999707,203.79999999999706,Blinzeln,,,,,,
203.79999999999706,203.99999999999704,pause,,,,,,
203.99999999999704,204.19999999999703,Schlucken,,,,,,
204.19999999999703,204.39999999999702,pause,,,,,,
204.39999999999702,204.599999999997,LuftAnhalten,,,,,,
204.599999999997,204.799999999997,pause,,,,,,
204.799999999997,204.999999999997,Blinzeln,,,,,,
204.999999999997,205.19999999999698,pause,,,,,,
205.19999999999698,205.39999999999696,FussBewegen,,,,,,
205.39999999999696,205.59999999999695,pause,,,,,,
205.59999999999695,205.79999999999694,FussBewegen,,,,,,
205.79999999999694,205.99999999999693,pause,,,,,,
205.99999999999693,206.19999999999692,Schlucken,,,,,,
206.19999999999692,206.3999999999969,pause,,,,,,
206.3999999999969,206.5999999999969,LuftAnhalten,,,,,,
206.5999999999969,206.79999999999688,pause,,,,,,
206.79999999999688,206.99999999999687,Blinzeln,,,,,,
206.99999999999687,207.19999999999686,pause,,,,,,
207.19999999999686,207.39999999999685,NaseRuempfen,,,,,,
207.39999999999685,207.59999999999684,pause,,,,,,
207.59999999999684,207.79999999999683,LuftAnhalten,,,,,,
207.79999999999683,207.99999999999682,pause,,,,,,
207.99999999999682,208.1999999999968,Blinzeln,,,,,,
208.1999999999968,208.3999999999968,pause,,,,,,
208.3999999999968,208.59999999999678,LuftAnhalten,,,,,,
208.59999999999678,208.79999999999677,pause,,,,,,
208.79999999999677,208.99999999999676,NaseRuempfen,,,,,,
208.99999999999676,209.19999999999675,pause,,,,,,
209.19999999999675,209.39999999999674,LuftAnhalten,,,,,,
209.39999999999674,209.59999999999673,pause,,,,,,
209.59999999999673,209.79999999999671,Schlucken,,,,,,
209.79999999999671,209.9999999999967,pause,,,,,,
209.9999999999967,210.1999999999967,LuftAnhalten,,,,,,
210.1999999999967,210.39999999999668,pause,,,,,,
210.39999999999668,210.59999999999667,NaseRuempfen,,,,,,
210.59999999999667,210.79999999999666,pause,,,,,,
210.79999999999666,210.99999999999665,NaseRuempfen,,,,,,
210.99999999999665,211.19999999999663,pause,,,,,,
211.19999999999663,211.39999999999662,LuftAnhalten,,,,,,
211.39999999999662,211.5999999999966,pause,,,,,,
211.5999999999966,211.7999999999966,NaseRuempfen,,,,,,
211.7999999999966,211.9999999999966,pause,,,,,,
211.9999999999966,212.19999999999658,NaseRuempfen,,,,,,
212.19999999999658,212.39999999999657,pause,,,,,,
212.39999999999657,212.59999999999656,Schlucken,,,,,,
212.59999999999656,212.79999999999654,pause,,,,,,
212.79999999999654,212.99999999999653,Entspannen,,,,,,
212.99999999999653,213.19999999999652,pause,,,,,,
213.19999999999652,213.3999999999965,Blinzeln,,,,,,
213.3999999999965,213.5999999999965,pause,,,,,,
213.5999999999965,213.7999999999965,Entspannen,,,,,,
213.7999999999965,213.99999999999648,pause,,,,,,
213.99999999999648,214.19999999999646,Schlucken,,,,,,
214.19999999999646,214.39999999999645,pause,,,,,,
214.39999999999645,214.59999999999644,LuftAnhalten,,,,,,
214.59999999999644,214.79999999999643,pause,,,,,,
214.79999999999643,214.99999999999642,FussBewegen,,,,,,
214.99999999999642,215.1999999999964,pause,,,,,,
215.1999999999964,215.3999999999964,NaseRuempfen,,,,,,
215.3999999999964,215.59999999999638,pause,,,,,,
215.59999999999638,215.79999999999637,LuftAnhalten,,,,,,
215.79999999999637,215.99999999999636,pause,,,,,,
215.99999999999636,216.19999999999635,Entspannen,,,,,,
216.19999999999635,216.39999999999634,pause,,,,,,
216.39999999999634,216.59999999999633,LuftAnhalten,,,,,,
216.59999999999633,216.79999999999632,pause,,,,,,
216.79999999999632,216.9999999999963,NaseRuempfen,,,,,,
216.9999999999963,217.1999999999963,pause,,,,,,
217.1999999999963,217.39999999999628,Schlucken,,,,,,
217.39999999999628,217.59999999999627,pause,,,,,,
217.59999999999627,217.79999999999626,Blinzeln,,,,,,
217.79999999999626,217.99999999999625,pause,,,,,,
217.99999999999625,218.19999999999624,Blinzeln,,,,,,
218.19999999999624,218.39999999999623,pause,,,,,,
218.39999999999623,218.59999999999621,LuftAnhalten,,,,,,
218.59999999999621,218.7999999999962,pause,,,,,,
218.7999999999962,218.9999999999962,NaseRuempfen,,,,,,
218.9999999999962,219.19999999999618,pause,,,,,,
219.19999999999618,219.39999999999617,Entspannen,,,,,,
219.39999999999617,219.59999999999616,pause,,,,,,
219.59999999999616,219.79999999999615,LuftAnhalten,,,,,,
219.79999999999615,219.99999999999613,pause,,,,,,
219.99999999999613,220.19999999999612,Entspannen,,,,,,
220.19999999999612,220.3999999999961,pause,,,,,,
220.3999999999961,220.5999999999961,LuftAnhalten,,,,,,
220.5999999999961,220.7999999999961,pause,,,,,,
220.7999999999961,220.99999999999608,NaseRuempfen,,,,,,
220.99999999999608,221.19999999999607,pause,,,,,,
221.19999999999607,221.39999999999606,FussBewegen,,,,,,
221.39999999999606,221.59999999999604,pause,,,,,,
221.59999999999604,221.79999999999603,Schlucken,,,,,,
221.79999999999603,221.99999999999602,pause,,,,,,
221.99999999999602,222.199999999996,Blinzeln,,,,,,
222.199999999996,222.399999999996,pause,,,,,,
222.399999999996,222.599999999996,LuftAnhalten,,,,,,
222.599999999996,222.79999999999598,pause,,,,,,
222.79999999999598,222.99999999999596,Blinzeln,,,,,,
222.99999999999596,223.19999999999595,pause,,,,,,
223.19999999999595,223.39999999999594,Schlucken,,,,,,
223.39999999999594,223.59999999999593,pause,,,,,,
223.59999999999593,223.79999999999592,LuftAnhalten,,,,,,
223.79999999999592,223.9999999999959,pause,,,,,,
223.9999999999959,224.1999999999959,Entspannen,,,,,,
224.1999999999959,224.39999999999588,pause,,,,,,
224.39999999999588,224.59999999999587,LuftAnhalten,,,,,,
224.59999999999587,224.79999999999586,pause,,,,,,
224.79999999999586,224.99999999999585,Entspannen,,,,,,
224.99999999999585,225.19999999999584,pause,,,,,,
225.19999999999584,225.39999999999583,LuftAnhalten,,,,,,
225.39999999999583,225.59999999999582,pause,,,,,,
225.59999999999582,225.7999999999958,FussBewegen,,,,,,
225.7999999999958,225.9999999999958,pause,,,,,,
225.9999999999958,226.19999999999578,Entspannen,,,,,,
226.19999999999578,241.19999999999578,pause_between_trials,,,,,,
241.19999999999578,241.39999999999577,pause,,,,,,
241.39999999999577,241.59999999999576,NaseRuempfen,,,,,,
241.59999999999576,241.79999999999575,pause,,,,,,
241.79999999999575,241.99999999999574,Entspannen,,,,,,
241.99999999999574,242.19999999999573,pause,,,,,,
242.19999999999573,242.3999999999957,NaseRuempfen,,,,,,
242.3999999999957,242.5999999999957,pause,,,,,,
242.5999999999957,242.7999999999957,Schlucken,,,,,,
242.7999999999957,242.99999999999568,pause,,,,,,
242.99999999999568,243.19999999999567,Entspannen,,,,,,
243.19999999999567,243.39999999999566,pause,,,,,,
243.39999999999566,243.59999999999565,Blinzeln,,,,,,
243.59999999999565,243.79999999999563,pause,,,,,,
243.79999999999563,243.99999999999562,Entspannen,,,,,,
243.99999999999562,244.1999999999956,pause,,,,,,
244.1999999999956,244.3999999999956,FussBewegen,,,,,,
244.3999999999956,244.5999999999956,pause,,,,,,
244.5999999999956,244.79999999999558,NaseRuempfen,,,,,,
244.79999999999558,244.99999999999557,pause,,,,,,
244.99999999999557,245.19999999999555,FussBewegen,,,,,,
245.19999999999555,245.39999999999554,pause,,,,,,
245.39999999999554,245.59999999999553,Entspannen,,,,,,
245.59999999999553,245.79999999999552,pause,,,,,,
245.79999999999552,245.9999999999955,FussBewegen,,,,,,
245.9999999999955,246.1999999999955,pause,,,,,,
246.1999999999955,246.3999999999955,NaseRuempfen,,,,,,
246.3999999999955,246.59999999999548,pause,,,,,,
246.59999999999548,246.79999999999546,FussBewegen,,,,,,
246.79999999999546,246.99999999999545,pause,,,,,,
246.99999999999545,247.19999999999544,LuftAnhalten,,,,,,
247.19999999999544,247.39999999999543,pause,,,,,,
247.39999999999543,247.59999999999542,NaseRuempfen,,,,,,
247.59999999999542,247.7999999999954,pause,,,,,,
247.7999999999954,247.9999999999954,Blinzeln,,,,,,
247.9999999999954,248.19999999999538,pause,,,,,,
248.19999999999538,248.39999999999537,NaseRuempfen,,,,,,
248.39999999999537,248.59999999999536,pause,,,,,,
248.59999999999536,248.79999999999535,LuftAnhalten,,,,,,
248.79999999999535,248.99999999999534,pause,,,,,,
248.99999999999534,249.19999999999533,Blinzeln,,,,,,
249.19999999999533,249.39999999999532,pause,,,,,,
249.39999999999532,249.5999999999953,Entspannen,,,,,,
249.5999999999953,249.7999999999953,pause,,,,,,
249.7999999999953,249.99999999999528,FussBewegen,,,,,,
249.99999999999528,250.19999999999527,pause,,,,,,
250.19999999999527,250.39999999999526,NaseRuempfen,,,,,,
250.39999999999526,250.59999999999525,pause,,,,,,
250.59999999999525,250.79999999999524,Entspannen,,,,,,
250.79999999999524,250.99999999999523,pause,,,,,,
250.99999999999523,251.1999999999952,Schlucken,,,,,,
251.1999999999952,251.3999999999952,pause,,,,,,
251.3999999999952,251.5999999999952,NaseRuempfen,,,,,,
251.5999999999952,251.79999999999518,pause,,,,,,
251.79999999999518,251.99999999999517,Entspannen,,,,,,
251.99999999999517,252.19999999999516,pause,,,,,,
252.19999999999516,252.39999999999515,LuftAnhalten,,,,,,
252.39999999999515,252.59999999999513,pause,,,,,,
252.59999999999513,252.79999999999512,NaseRuempfen,,,,,,
252.79999999999512,252.9999999999951,pause,,,,,,
252.9999999999951,253.1999999999951,Entspannen,,,,,,
253.1999999999951,253.3999999999951,pause,,,,,,
253.3999999999951,253.59999999999508,Schlucken,,,,,,
253.59999999999508,253.79999999999507,pause,,,,,,
253.79999999999507,253.99999999999505,NaseRuempfen,,,,,,
253.99999999999505,254.19999999999504,pause,,,,,,
254.19999999999504,254.39999999999503,FussBewegen,,,,,,
254.39999999999503,254.59999999999502,pause,,,,,,
254.59999999999502,254.799999999995,LuftAnhalten,,,,,,
254.799999999995,254.999999999995,pause,,,,,,
254.999999999995,255.199999999995,NaseRuempfen,,,,,,
255.199999999995,255.39999999999498,pause,,,,,,
255.39999999999498,255.59999999999496,Entspannen,,,,,,
255.59999999999496,255.79999999999495,pause,,,,,,
255.79999999999495,255.99999999999494,Blinzeln,,,,,,
255.99999999999494,256.19999999999493,pause,,,,,,
256.19999999999493,256.3999999999949,Schlucken,,,,,,
256.3999999999949,256.5999999999949,pause,,,,,,
256.5999999999949,256.7999999999949,NaseRuempfen,,,,,,
256.7999999999949,256.9999999999949,pause,,,,,,
256.9999999999949,257.1999999999949,LuftAnhalten,,,,,,
257.1999999999949,257.39999999999486,pause,,,,,,
257.39999999999486,257.59999999999485,Blinzeln,,,,,,
257.59999999999485,257.79999999999484,pause,,,,,,
257.79999999999484,257.9999999999948,NaseRuempfen,,,,,,
257.9999999999948,258.1999999999948,pause,,,,,,
258.1999999999948,258.3999999999948,FussBewegen,,,,,,
258.3999999999948,258.5999999999948,pause,,,,,,
258.5999999999948,258.7999999999948,Blinzeln,,,,,,
258.7999999999948,258.99999999999477,pause,,,,,,
258.99999999999477,259.19999999999476,NaseRuempfen,,,,,,
259.19999999999476,259.39999999999475,pause,,,,,,
259.39999999999475,259.59999999999474,Entspannen,,,,,,
259.59999999999474,259.7999999999947,pause,,,,,,
259.7999999999947,259.9999999999947,LuftAnhalten,,,,,,
259.9999999999947,260.1999999999947,pause,,,,,,
260.1999999999947,260.3999999999947,Entspannen,,,,,,
260.3999999999947,260.5999999999947,pause,,,,,,
260.5999999999947,260.79999999999467,NaseRuempfen,,,,,,
260.79999999999467,260.99999999999466,pause,,,,,,
260.99999999999466,261.19999999999465,LuftAnhalten,,,,,,
261.19999999999465,261.39999999999463,pause,,,,,,
261.39999999999463,261.5999999999946,NaseRuempfen,,,,,,
261.5999999999946,261.7999999999946,pause,,,,,,
261.7999999999946,261.9999999999946,Blinzeln,,,,,,
261.9999999999946,262.1999999999946,pause,,,,,,
262.1999999999946,262.3999999999946,Entspannen,,,,,,
262.3999999999946,262.59999999999457,pause,,,,,,
262.59999999999457,262.79999999999455,LuftAnhalten,,,,,,
262.79999999999455,262.99999999999454,pause,,,,,,
262.99999999999454,263.19999999999453,NaseRuempfen,,,,,,
263.19999999999453,263.3999999999945,pause,,,,,,
263.3999999999945,263.5999999999945,Entspannen,,,,,,
263.5999999999945,263.7999999999945,pause,,,,,,
263.7999999999945,263.9999999999945,Blinzeln,,,,,,
263.9999999999945,264.1999999999945,pause,,,,,,
264.1999999999945,264.39999999999446,FussBewegen,,,,,,
264.39999999999446,264.59999999999445,pause,,,,,,
264.59999999999445,264.79999999999444,NaseRuempfen,,,,,,
264.79999999999444,264.99999999999443,pause,,,,,,
264.99999999999443,265.1999999999944,LuftAnhalten,,,,,,
265.1999999999944,265.3999999999944,pause,,,,,,
265.3999999999944,265.5999999999944,Schlucken,,,,,,
265.5999999999944,265.7999999999944,pause,,,,,,
265.7999999999944,265.9999999999944,Entspannen,,,,,,
265.9999999999944,266.19999999999436,pause,,,,,,
266.19999999999436,266.39999999999435,NaseRuempfen,,,,,,
266.39999999999435,266.59999999999434,pause,,,,,,
266.59999999999434,266.7999999999943,FussBewegen,,,,,,
266.7999999999943,266.9999999999943,pause,,,,,,
266.9999999999943,267.1999999999943,LuftAnhalten,,,,,,
267.1999999999943,267.3999999999943,pause,,,,,,
267.3999999999943,267.5999999999943,NaseRuempfen,,,,,,
267.5999999999943,267.79999999999427,pause,,,,,,
267.79999999999427,267.99999999999426,Schlucken,,,,,,
267.99999999999426,268.19999999999425,pause,,,,,,
268.19999999999425,268.39999999999424,NaseRuempfen,,,,,,
268.39999999999424,268.5999999999942,pause,,,,,,
268.5999999999942,268.7999999999942,LuftAnhalten,,,,,,
268.7999999999942,268.9999999999942,pause,,,,,,
268.9999999999942,269.1999999999942,Schlucken,,,,,,
269.1999999999942,269.3999999999942,pause,,,,,,
269.3999999999942,269.59999999999417,NaseRuempfen,,,,,,
269.59999999999417,269.79999999999416,pause,,,,,,
269.79999999999416,269.99999999999415,FussBewegen,,,,,,
269.99999999999415,270.19999999999413,pause,,,,,,
270.19999999999413,270.3999999999941,NaseRuempfen,,,,,,
270.3999999999941,270.5999999999941,pause,,,,,,
270.5999999999941,270.7999999999941,Schlucken,,,,,,
270.7999999999941,270.9999999999941,pause,,,,,,
270.9999999999941,271.1999999999941,LuftAnhalten,,,,,,
271.1999999999941,271.39999999999407,pause,,,,,,
271.39999999999407,271.59999999999405,Schlucken,,,,,,
271.59999999999405,271.79999999999404,pause,,,,,,
271.79999999999404,271.99999999999403,LuftAnhalten,,,,,,
271.99999999999403,272.199999999994,pause,,,,,,
272.199999999994,272.399999999994,Schlucken,,,,,,
272.399999999994,272.599999999994,pause,,,,,,
272.599999999994,272.799999999994,Blinzeln,,,,,,
272.799999999994,272.999999999994,pause,,,,,,
272.999999999994,273.19999999999396,NaseRuempfen,,,,,,
273.19999999999396,273.39999999999395,pause,,,,,,
273.39999999999395,273.59999999999394,LuftAnhalten,,,,,,
273.59999999999394,273.79999999999393,pause,,,,,,
273.79999999999393,273.9999999999939,NaseRuempfen,,,,,,
273.9999999999939,274.1999999999939,pause,,,,,,
274.1999999999939,274.3999999999939,Entspannen,,,,,,
274.3999999999939,274.5999999999939,pause,,,,,,
274.5999999999939,274.7999999999939,Blinzeln,,,,,,
274.7999999999939,274.99999999999386,pause,,,,,,
274.99999999999386,275.19999999999385,Schlucken,,,,,,
275.19999999999385,275.39999999999384,pause,,,,,,
275.39999999999384,275.5999999999938,NaseRuempfen,,,,,,
275.5999999999938,275.7999999999938,pause,,,,,,
275.7999999999938,275.9999999999938,Entspannen,,,,,,
275.9999999999938,276.1999999999938,pause,,,,,,
276.1999999999938,276.3999999999938,NaseRuempfen,,,,,,
276.3999999999938,276.59999999999377,pause,,,,,,
276.59999999999377,276.79999999999376,Schlucken,,,,,,
276.79999999999376,276.99999999999375,pause,,,,,,
276.99999999999375,277.19999999999374,FussBewegen,,,,,,
277.19999999999374,277.3999999999937,pause,,,,,,
277.3999999999937,277.5999999999937,Entspannen,,,,,,
277.5999999999937,277.7999999999937,pause,,,,,,
277.7999999999937,277.9999999999937,Entspannen,,,,,,
277.9999999999937,278.1999999999937,pause,,,,,,
278.1999999999937,278.39999999999367,NaseRuempfen,,,,,,
278.39999999999367,278.59999999999366,pause,,,,,,
278.59999999999366,278.79999999999364,FussBewegen,,,,,,
278.79999999999364,278.99999999999363,pause,,,,,,
278.99999999999363,279.1999999999936,Schlucken,,,,,,
279.1999999999936,279.3999999999936,pause,,,,,,
279.3999999999936,279.5999999999936,NaseRuempfen,,,,,,
279.5999999999936,279.7999999999936,pause,,,,,,
279.7999999999936,279.9999999999936,Schlucken,,,,,,
279.9999999999936,280.19999999999357,pause,,,,,,
280.19999999999357,280.39999999999355,Schlucken,,,,,,
280.39999999999355,280.59999999999354,pause,,,,,,
280.59999999999354,280.79999999999353,NaseRuempfen,,,,,,
280.79999999999353,280.9999999999935,pause,,,,,,
280.9999999999935,281.1999999999935,FussBewegen,,,,,,
281.1999999999935,281.3999999999935,pause,,,,,,
281.3999999999935,281.5999999999935,Blinzeln,,,,,,
281.5999999999935,281.7999999999935,pause,,,,,,
281.7999999999935,281.99999999999346,NaseRuempfen,,,,,,
281.99999999999346,282.19999999999345,pause,,,,,,
282.19999999999345,282.39999999999344,LuftAnhalten,,,,,,
282.39999999999344,282.59999999999343,pause,,,,,,
282.59999999999343,282.7999999999934,Blinzeln,,,,,,
282.7999999999934,282.9999999999934,pause,,,,,,
282.9999999999934,283.1999999999934,NaseRuempfen,,,,,,
283.1999999999934,283.3999999999934,pause,,,,,,
283.3999999999934,283.5999999999934,LuftAnhalten,,,,,,
283.5999999999934,283.79999999999336,pause,,,,,,
283.79999999999336,283.99999999999335,Blinzeln,,,,,,
283.99999999999335,284.19999999999334,pause,,,,,,
284.19999999999334,284.3999999999933,LuftAnhalten,,,,,,
284.3999999999933,284.5999999999933,pause,,,,,,
284.5999999999933,284.7999999999933,NaseRuempfen,,,,,,
284.7999999999933,284.9999999999933,pause,,,,,,
284.9999999999933,285.1999999999933,FussBewegen,,,,,,
285.1999999999933,285.39999999999327,pause,,,,,,
285.39999999999327,285.59999999999326,LuftAnhalten,,,,,,
285.59999999999326,285.79999999999325,pause,,,,,,
285.79999999999325,285.99999999999324,NaseRuempfen,,,,,,
285.99999999999324,286.1999999999932,pause,,,,,,
286.1999999999932,286.3999999999932,LuftAnhalten,,,,,,
286.3999999999932,286.5999999999932,pause,,,,,,
286.5999999999932,286.7999999999932,Blinzeln,,,,,,
286.7999999999932,286.9999999999932,pause,,,,,,
286.9999999999932,287.19999999999317,NaseRuempfen,,,,,,
287.19999999999317,287.39999999999316,pause,,,,,,
287.39999999999316,287.59999999999314,Entspannen,,,,,,
287.59999999999314,287.79999999999313,pause,,,,,,
287.79999999999313,287.9999999999931,Blinzeln,,,,,,
287.9999999999931,288.1999999999931,pause,,,,,,
288.1999999999931,288.3999999999931,NaseRuempfen,,,,,,
288.3999999999931,288.5999999999931,pause,,,,,,
288.5999999999931,288.7999999999931,LuftAnhalten,,,,,,
288.7999999999931,288.99999999999307,pause,,,,,,
288.99999999999307,289.19999999999305,NaseRuempfen,,,,,,
289.19999999999305,289.39999999999304,pause,,,,,,
289.39999999999304,289.59999999999303,LuftAnhalten,,,,,,
289.59999999999303,289.799999999993,pause,,,,,,
289.799999999993,289.999999999993,Entspannen,,,,,,
289.999999999993,290.199999999993,pause,,,,,,
290.199999999993,290.399999999993,NaseRuempfen,,,,,,
290.399999999993,290.599999999993,pause,,,,,,
290.599999999993,290.79999999999296,FussBewegen,,,,,,
290.79999999999296,290.99999999999295,pause,,,,,,
290.99999999999295,291.19999999999294,LuftAnhalten,,,,,,
291.19999999999294,291.39999999999293,pause,,,,,,
291.39999999999293,291.5999999999929,Schlucken,,,,,,
291.5999999999929,291.7999999999929,pause,,,,,,
291.7999999999929,291.9999999999929,LuftAnhalten,,,,,,
291.9999999999929,292.1999999999929,pause,,,,,,
292.1999999999929,292.3999999999929,Schlucken,,,,,,
292.3999999999929,292.59999999999286,pause,,,,,,
292.59999999999286,292.79999999999285,NaseRuempfen,,,,,,
292.79999999999285,292.99999999999284,pause,,,,,,
292.99999999999284,293.1999999999928,Schlucken,,,,,,
293.1999999999928,293.3999999999928,pause,,,,,,
293.3999999999928,293.5999999999928,NaseRuempfen,,,,,,
293.5999999999928,293.7999999999928,pause,,,,,,
293.7999999999928,293.9999999999928,Entspannen,,,,,,
293.9999999999928,294.19999999999277,pause,,,,,,
294.19999999999277,294.39999999999276,Entspannen,,,,,,
294.39999999999276,294.59999999999275,pause,,,,,,
294.59999999999275,294.79999999999274,LuftAnhalten,,,,,,
294.79999999999274,294.9999999999927,pause,,,,,,
294.9999999999927,295.1999999999927,NaseRuempfen,,,,,,
295.1999999999927,295.3999999999927,pause,,,,,,
295.3999999999927,295.5999999999927,Schlucken,,,,,,
295.5999999999927,295.7999999999927,pause,,,,,,
295.7999999999927,295.99999999999267,Entspannen,,,,,,
295.99999999999267,296.19999999999266,pause,,,,,,
296.19999999999266,296.39999999999264,NaseRuempfen,,,,,,
296.39999999999264,296.59999999999263,pause,,,,,,
296.59999999999263,296.7999999999926,Entspannen,,,,,,
296.7999999999926,296.9999999999926,pause,,,,,,
296.9999999999926,297.1999999999926,NaseRuempfen,,,,,,
297.1999999999926,297.3999999999926,pause,,,,,,
297.3999999999926,297.5999999999926,Entspannen,,,,,,
297.5999999999926,297.79999999999256,pause,,,,,,
297.79999999999256,297.99999999999255,LuftAnhalten,,,,,,
297.99999999999255,298.19999999999254,pause,,,,,,
298.19999999999254,298.39999999999253,NaseRuempfen,,,,,,
298.39999999999253,298.5999999999925,pause,,,,,,
298.5999999999925,298.7999999999925,FussBewegen,,,,,,
298.7999999999925,298.9999999999925,pause,,,,,,
298.9999999999925,299.1999999999925,FussBewegen,,,,,,
299.1999999999925,299.3999999999925,pause,,,,,,
299.3999999999925,299.59999999999246,LuftAnhalten,,,,,,
299.59999999999246,299.79999999999245,pause,,,,,,
299.79999999999245,299.99999999999244,Blinzeln,,,,,,
299.99999999999244,300.19999999999243,pause,,,,,,
300.19999999999243,300.3999999999924,Entspannen,,,,,,
300.3999999999924,300.5999999999924,pause,,,,,,
300.5999999999924,300.7999999999924,NaseRuempfen,,,,,,
300.7999999999924,300.9999999999924,pause,,,,,,
300.9999999999924,301.1999999999924,Entspannen,,,,,,
301.1999999999924,301.39999999999236,pause,,,,,,
301.39999999999236,301.59999999999235,NaseRuempfen,,,,,,
301.59999999999235,316.59999999999235,pause_between_trials,,,,,,
316.59999999999235,316.79999999999234,pause,,,,,,
316.79999999999234,316.9999999999923,LuftAnhalten,,,,,,
316.9999999999923,317.1999999999923,pause,,,,,,
317.1999999999923,317.3999999999923,LuftAnhalten,,,,,,
317.3999999999923,317.5999999999923,pause,,,,,,
317.5999999999923,317.7999999999923,FussBewegen,,,,,,
317.7999999999923,317.99999999999227,pause,,,,,,
317.99999999999227,318.19999999999226,Schlucken,,,,,,
318.19999999999226,318.39999999999225,pause,,,,,,
318.39999999999225,318.59999999999224,FussBewegen,,,,,,
318.59999999999224,318.7999999999922,pause,,,,,,
318.7999999999922,318.9999999999922,LuftAnhalten,,,,,,
318.9999999999922,319.1999999999922,pause,,,,,,
319.1999999999922,319.3999999999922,Schlucken,,,,,,
319.3999999999922,319.5999999999922,pause,,,,,,
319.5999999999922,319.79999999999217,FussBewegen,,,,,,
319.79999999999217,319.99999999999216,pause,,,,,,
319.99999999999216,320.19999999999214,NaseRuempfen,,,,,,
320.19999999999214,320.39999999999213,pause,,,,,,
320.39999999999213,320.5999999999921,Blinzeln,,,,,,
320.5999999999921,320.7999999999921,pause,,,,,,
320.7999999999921,320.9999999999921,LuftAnhalten,,,,,,
320.9999999999921,321.1999999999921,pause,,,,,,
321.1999999999921,321.3999999999921,Schlucken,,,,,,
321.3999999999921,321.59999999999206,pause,,,,,,
321.59999999999206,321.79999999999205,Entspannen,,,,,,
321.79999999999205,321.99999999999204,pause,,,,,,
321.99999999999204,322.19999999999203,Entspannen,,,,,,
322.19999999999203,322.399999999992,pause,,,,,,
322.399999999992,322.599999999992,Schlucken,,,,,,
322.599999999992,322.799999999992,pause,,,,,,
322.799999999992,322.999999999992,NaseRuempfen,,,,,,
322.999999999992,323.199999999992,pause,,,,,,
323.199999999992,323.39999999999196,NaseRuempfen,,,,,,
323.39999999999196,323.59999999999195,pause,,,,,,
323.59999999999195,323.79999999999194,FussBewegen,,,,,,
323.79999999999194,323.9999999999919,pause,,,,,,
323.9999999999919,324.1999999999919,Schlucken,,,,,,
324.1999999999919,324.3999999999919,pause,,,,,,
324.3999999999919,324.5999999999919,FussBewegen,,,,,,
324.5999999999919,324.7999999999919,pause,,,,,,
324.7999999999919,324.99999999999187,Schlucken,,,,,,
324.99999999999187,325.19999999999186,pause,,,,,,
325.19999999999186,325.39999999999185,NaseRuempfen,,,,,,
325.39999999999185,325.59999999999184,pause,,,,,,
325.59999999999184,325.7999999999918,Blinzeln,,,,,,
325.7999999999918,325.9999999999918,pause,,,,,,
325.9999999999918,326.1999999999918,Schlucken,,,,,,
326.1999999999918,326.3999999999918,pause,,,,,,
326.3999999999918,326.5999999999918,Blinzeln,,,,,,
326.5999999999918,326.79999999999177,pause,,,,,,
326.79999999999177,326.99999999999176,Entspannen,,,,,,
326.99999999999176,327.19999999999175,pause,,,,,,
327.19999999999175,327.39999999999173,LuftAnhalten,,,,,,
327.39999999999173,327.5999999999917,pause,,,,,,
327.5999999999917,327.7999999999917,Blinzeln,,,,,,
327.7999999999917,327.9999999999917,pause,,,,,,
327.9999999999917,328.1999999999917,Schlucken,,,,,,
328.1999999999917,328.3999999999917,pause,,,,,,
328.3999999999917,328.59999999999167,Entspannen,,,,,,
328.59999999999167,328.79999999999166,pause,,,,,,
328.79999999999166,328.99999999999164,Schlucken,,,,,,
328.99999999999164,329.19999999999163,pause,,,,,,
329.19999999999163,329.3999999999916,LuftAnhalten,,,,,,
329.3999999999916,329.5999999999916,pause,,,,,,
329.5999999999916,329.7999999999916,Entspannen,,,,,,
329.7999999999916,329.9999999999916,pause,,,,,,
329.9999999999916,330.1999999999916,Entspannen,,,,,,
330.1999999999916,330.39999999999156,pause,,,,,,
330.39999999999156,330.59999999999155,Schlucken,,,,,,
330.59999999999155,330.79999999999154,pause,,,,,,
330.79999999999154,330.99999999999153,Entspannen,,,,,,
330.99999999999153,331.1999999999915,pause,,,,,,
331.1999999999915,331.3999999999915,Schlucken,,,,,,
331.3999999999915,331.5999999999915,pause,,,,,,
331.5999999999915,331.7999999999915,NaseRuempfen,,,,,,
331.7999999999915,331.9999999999915,pause,,,,,,
331.9999999999915,332.19999999999146,Entspannen,,,,,,
332.19999999999146,332.39999999999145,pause,,,,,,
332.39999999999145,332.59999999999144,FussBewegen,,,,,,
332.59999999999144,332.7999999999914,pause,,,,,,
332.7999999999914,332.9999999999914,NaseRuempfen,,,,,,
332.9999999999914,333.1999999999914,pause,,,,,,
333.1999999999914,333.3999999999914,Schlucken,,,,,,
333.3999999999914,333.5999999999914,pause,,,,,,
333.5999999999914,333.79999999999137,LuftAnhalten,,,,,,
333.79999999999137,333.99999999999136,pause,,,,,,
333.99999999999136,334.19999999999135,FussBewegen,,,,,,
334.19999999999135,334.39999999999134,pause,,,,,,
334.39999999999134,334.5999999999913,Schlucken,,,,,,
334.5999999999913,334.7999999999913,pause,,,,,,
334.7999999999913,334.9999999999913,FussBewegen,,,,,,
334.9999999999913,335.1999999999913,pause,,,,,,
335.1999999999913,335.3999999999913,Schlucken,,,,,,
335.3999999999913,335.59999999999127,pause,,,,,,
335.59999999999127,335.79999999999126,LuftAnhalten,,,,,,
335.79999999999126,335.99999999999125,pause,,,,,,
335.99999999999125,336.19999999999123,LuftAnhalten,,,,,,
336.19999999999123,336.3999999999912,pause,,,,,,
336.3999999999912,336.5999999999912,LuftAnhalten,,,,,,
336.5999999999912,336.7999999999912,pause,,,,,,
336.7999999999912,336.9999999999912,Blinzeln,,,,,,
336.9999999999912,337.1999999999912,pause,,,,,,
337.1999999999912,337.39999999999117,Schlucken,,,,,,
337.39999999999117,337.59999999999116,pause,,,,,,
337.59999999999116,337.79999999999114,NaseRuempfen,,,,,,
337.79999999999114,337.99999999999113,pause,,,,,,
337.99999999999113,338.1999999999911,Blinzeln,,,,,,
338.1999999999911,338.3999999999911,pause,,,,,,
338.3999999999911,338.5999999999911,Schlucken,,,,,,
338.5999999999911,338.7999999999911,pause,,,,,,
338.7999999999911,338.9999999999911,NaseRuempfen,,,,,,
338.9999999999911,339.19999999999106,pause,,,,,,
339.19999999999106,339.39999999999105,Blinzeln,,,,,,
339.39999999999105,339.59999999999104,pause,,,,,,
339.59999999999104,339.79999999999103,Schlucken,,,,,,
339.79999999999103,339.999999999991,pause,,,,,,
339.999999999991,340.199999999991,LuftAnhalten,,,,,,
340.199999999991,340.399999999991,pause,,,,,,
340.399999999991,340.599999999991,Entspannen,,,,,,
340.599999999991,340.799999999991,pause,,,,,,
340.799999999991,340.99999999999096,Schlucken,,,,,,
340.99999999999096,341.19999999999095,pause,,,,,,
341.19999999999095,341.39999999999094,LuftAnhalten,,,,,,
341.39999999999094,341.5999999999909,pause,,,,,,
341.5999999999909,341.7999999999909,Entspannen,,,,,,
341.7999999999909,341.9999999999909,pause,,,,,,
341.9999999999909,342.1999999999909,Schlucken,,,,,,
342.1999999999909,342.3999999999909,pause,,,,,,
342.3999999999909,342.59999999999087,Entspannen,,,,,,
342.59999999999087,342.79999999999086,pause,,,,,,
342.79999999999086,342.99999999999085,NaseRuempfen,,,,,,
342.99999999999085,343.19999999999084,pause,,,,,,
343.19999999999084,343.3999999999908,NaseRuempfen,,,,,,
343.3999999999908,343.5999999999908,pause,,,,,,
343.5999999999908,343.7999999999908,FussBewegen,,,,,,
343.7999999999908,343.9999999999908,pause,,,,,,
343.9999999999908,344.1999999999908,Blinzeln,,,,,,
344.1999999999908,344.39999999999077,pause,,,,,,
344.39999999999077,344.59999999999076,Schlucken,,,,,,
344.59999999999076,344.79999999999075,pause,,,,,,
344.79999999999075,344.99999999999073,NaseRuempfen,,,,,,
344.99999999999073,345.1999999999907,pause,,,,,,
345.1999999999907,345.3999999999907,Blinzeln,,,,,,
345.3999999999907,345.5999999999907,pause,,,,,,
345.5999999999907,345.7999999999907,Schlucken,,,,,,
345.7999999999907,345.9999999999907,pause,,,,,,
345.9999999999907,346.19999999999067,LuftAnhalten,,,,,,
346.19999999999067,346.39999999999065,pause,,,,,,
346.39999999999065,346.59999999999064,Schlucken,,,,,,
346.59999999999064,346.79999999999063,pause,,,,,,
346.79999999999063,346.9999999999906,FussBewegen,,,,,,
346.9999999999906,347.1999999999906,pause,,,,,,
347.1999999999906,347.3999999999906,NaseRuempfen,,,,,,
347.3999999999906,347.5999999999906,pause,,,,,,
347.5999999999906,347.7999999999906,Schlucken,,,,,,
347.7999999999906,347.99999999999056,pause,,,,,,
347.99999999999056,348.19999999999055,Blinzeln,,,,,,
348.19999999999055,348.39999999999054,pause,,,,,,
348.39999999999054,348.59999999999053,Schlucken,,,,,,
348.59999999999053,348.7999999999905,pause,,,,,,
348.7999999999905,348.9999999999905,FussBewegen,,,,,,
348.9999999999905,349.1999999999905,pause,,,,,,
349.1999999999905,349.3999999999905,Entspannen,,,,,,
349.3999999999905,349.5999999999905,pause,,,,,,
349.5999999999905,349.79999999999046,Blinzeln,,,,,,
349.79999999999046,349.99999999999045,pause,,,,,,
349.99999999999045,350.19999999999044,Schlucken,,,,,,
350.19999999999044,350.3999999999904,pause,,,,,,
350.3999999999904,350.5999999999904,FussBewegen,,,,,,
350.5999999999904,350.7999999999904,pause,,,,,,
350.7999999999904,350.9999999999904,Blinzeln,,,,,,
350.9999999999904,351.1999999999904,pause,,,,,,
351.1999999999904,351.39999999999037,NaseRuempfen,,,,,,
351.39999999999037,351.59999999999036,pause,,,,,,
351.59999999999036,351.79999999999035,Schlucken,,,,,,
351.79999999999035,351.99999999999034,pause,,,,,,
351.99999999999034,352.1999999999903,Blinzeln,,,,,,
352.1999999999903,352.3999999999903,pause,,,,,,
352.3999999999903,352.5999999999903,Schlucken,,,,,,
352.5999999999903,352.7999999999903,pause,,,,,,
352.7999999999903,352.9999999999903,Entspannen,,,,,,
352.9999999999903,353.19999999999027,pause,,,,,,
353.19999999999027,353.39999999999026,Blinzeln,,,,,,
353.39999999999026,353.59999999999025,pause,,,,,,
353.59999999999025,353.79999999999023,NaseRuempfen,,,,,,
353.79999999999023,353.9999999999902,pause,,,,,,
353.9999999999902,354.1999999999902,Schlucken,,,,,,
354.1999999999902,354.3999999999902,pause,,,,,,
354.3999999999902,354.5999999999902,FussBewegen,,,,,,
354.5999999999902,354.7999999999902,pause,,,,,,
354.7999999999902,354.99999999999017,Blinzeln,,,,,,
354.99999999999017,355.19999999999015,pause,,,,,,
355.19999999999015,355.39999999999014,Blinzeln,,,,,,
355.39999999999014,355.59999999999013,pause,,,,,,
355.59999999999013,355.7999999999901,FussBewegen,,,,,,
355.7999999999901,355.9999999999901,pause,,,,,,
355.9999999999901,356.1999999999901,Schlucken,,,,,,
356.1999999999901,356.3999999999901,pause,,,,,,
356.3999999999901,356.5999999999901,NaseRuempfen,,,,,,
356.5999999999901,356.79999999999006,pause,,,,,,
356.79999999999006,356.99999999999005,Schlucken,,,,,,
356.99999999999005,357.19999999999004,pause,,,,,,
357.19999999999004,357.39999999999003,LuftAnhalten,,,,,,
357.39999999999003,357.59999999999,pause,,,,,,
357.59999999999,357.79999999999,Blinzeln,,,,,,
357.79999999999,357.99999999999,pause,,,,,,
357.99999999999,358.19999999999,Blinzeln,,,,,,
358.19999999999,358.39999999999,pause,,,,,,
358.39999999999,358.59999999998996,Schlucken,,,,,,
358.59999999998996,358.79999999998995,pause,,,,,,
358.79999999998995,358.99999999998994,Entspannen,,,,,,
358.99999999998994,359.1999999999899,pause,,,,,,
359.1999999999899,359.3999999999899,FussBewegen,,,,,,
359.3999999999899,359.5999999999899,pause,,,,,,
359.5999999999899,359.7999999999899,LuftAnhalten,,,,,,
359.7999999999899,359.9999999999899,pause,,,,,,
359.9999999999899,360.19999999998987,Schlucken,,,,,,
360.19999999998987,360.39999999998986,pause,,,,,,
360.39999999998986,360.59999999998985,Blinzeln,,,,,,
360.59999999998985,360.79999999998984,pause,,,,,,
360.79999999998984,360.9999999999898,Schlucken,,,,,,
360.9999999999898,361.1999999999898,pause,,,,,,
361.1999999999898,361.3999999999898,Entspannen,,,,,,
361.3999999999898,361.5999999999898,pause,,,,,,
361.5999999999898,361.7999999999898,Blinzeln,,,,,,
361.7999999999898,361.99999999998977,pause,,,,,,
361.99999999998977,362.19999999998976,FussBewegen,,,,,,
362.19999999998976,362.39999999998975,pause,,,,,,
362.39999999998975,362.59999999998973,Schlucken,,,,,,
362.59999999998973,362.7999999999897,pause,,,,,,
362.7999999999897,362.9999999999897,Blinzeln,,,,,,
362.9999999999897,363.1999999999897,pause,,,,,,
363.1999999999897,363.3999999999897,NaseRuempfen,,,,,,
363.3999999999897,363.5999999999897,pause,,,,,,
363.5999999999897,363.79999999998967,Schlucken,,,,,,
363.79999999998967,363.99999999998965,pause,,,,,,
363.99999999998965,364.19999999998964,LuftAnhalten,,,,,,
364.19999999998964,364.39999999998963,pause,,,,,,
364.39999999998963,364.5999999999896,FussBewegen,,,,,,
364.5999999999896,364.7999999999896,pause,,,,,,
364.7999999999896,364.9999999999896,Entspannen,,,,,,
364.9999999999896,365.1999999999896,pause,,,,,,
365.1999999999896,365.3999999999896,Schlucken,,,,,,
365.3999999999896,365.59999999998956,pause,,,,,,
365.59999999998956,365.79999999998955,Blinzeln,,,,,,
365.79999999998955,365.99999999998954,pause,,,,,,
365.99999999998954,366.19999999998953,Entspannen,,,,,,
366.19999999998953,366.3999999999895,pause,,,,,,
366.3999999999895,366.5999999999895,Schlucken,,,,,,
366.5999999999895,366.7999999999895,pause,,,,,,
366.7999999999895,366.9999999999895,NaseRuempfen,,,,,,
366.9999999999895,367.1999999999895,pause,,,,,,
367.1999999999895,367.39999999998946,Blinzeln,,,,,,
367.39999999998946,367.59999999998945,pause,,,,,,
367.59999999998945,367.79999999998944,Schlucken,,,,,,
367.79999999998944,367.9999999999894,pause,,,,,,
367.9999999999894,368.1999999999894,NaseRuempfen,,,,,,
368.1999999999894,368.3999999999894,pause,,,,,,
368.3999999999894,368.5999999999894,Entspannen,,,,,,
368.5999999999894,368.7999999999894,pause,,,,,,
368.7999999999894,368.99999999998937,FussBewegen,,,,,,
368.99999999998937,369.19999999998936,pause,,,,,,
369.19999999998936,369.39999999998935,Schlucken,,,,,,
369.39999999998935,369.59999999998934,pause,,,,,,
369.59999999998934,369.7999999999893,NaseRuempfen,,,,,,
369.7999999999893,369.9999999999893,pause,,,,,,
369.9999999999893,370.1999999999893,LuftAnhalten,,,,,,
370.1999999999893,370.3999999999893,pause,,,,,,
370.3999999999893,370.5999999999893,Schlucken,,,,,,
370.5999999999893,370.79999999998927,pause,,,,,,
370.79999999998927,370.99999999998926,Blinzeln,,,,,,
370.99999999998926,371.19999999998925,pause,,,,,,
371.19999999998925,371.39999999998923,Entspannen,,,,,,
371.39999999998923,371.5999999999892,pause,,,,,,
371.5999999999892,371.7999999999892,Schlucken,,,,,,
371.7999999999892,371.9999999999892,pause,,,,,,
371.9999999999892,372.1999999999892,FussBewegen,,,,,,
372.1999999999892,372.3999999999892,pause,,,,,,
372.3999999999892,372.59999999998917,Schlucken,,,,,,
372.59999999998917,372.79999999998915,pause,,,,,,
372.79999999998915,372.99999999998914,FussBewegen,,,,,,
372.99999999998914,373.19999999998913,pause,,,,,,
373.19999999998913,373.3999999999891,Blinzeln,,,,,,
373.3999999999891,373.5999999999891,pause,,,,,,
373.5999999999891,373.7999999999891,Entspannen,,,,,,
373.7999999999891,373.9999999999891,pause,,,,,,
373.9999999999891,374.1999999999891,Schlucken,,,,,,
374.1999999999891,374.39999999998906,pause,,,,,,
374.39999999998906,374.59999999998905,Blinzeln,,,,,,
374.59999999998905,374.79999999998904,pause,,,,,,
374.79999999998904,374.99999999998903,Blinzeln,,,,,,
374.99999999998903,375.199999999989,pause,,,,,,
375.199999999989,375.399999999989,Schlucken,,,,,,
375.399999999989,375.599999999989,pause,,,,,,
375.599999999989,375.799999999989,NaseRuempfen,,,,,,
375.799999999989,375.999999999989,pause,,,,,,
375.999999999989,376.19999999998896,Schlucken,,,,,,
376.19999999998896,376.39999999998895,pause,,,,,,
376.39999999998895,376.59999999998894,LuftAnhalten,,,,,,
376.59999999998894,376.7999999999889,pause,,,,,,
376.7999999999889,376.9999999999889,LuftAnhalten,,,,,,
376.9999999999889,391.9999999999889,pause_between_trials,,,,,,
391.9999999999889,392.1999999999889,pause,,,,,,
392.1999999999889,392.3999999999889,Entspannen,,,,,,
392.3999999999889,392.5999999999889,pause,,,,,,
392.5999999999889,392.79999999998887,Schlucken,,,,,,
392.79999999998887,392.99999999998886,pause,,,,,,
392.99999999998886,393.19999999998885,NaseRuempfen,,,,,,
393.19999999998885,393.39999999998884,pause,,,,,,
393.39999999998884,393.5999999999888,Schlucken,,,,,,
393.5999999999888,393.7999999999888,pause,,,,,,
393.7999999999888,393.9999999999888,LuftAnhalten,,,,,,
393.9999999999888,394.1999999999888,pause,,,,,,
394.1999999999888,394.3999999999888,Entspannen,,,,,,
394.3999999999888,394.59999999998877,pause,,,,,,
394.59999999998877,394.79999999998876,FussBewegen,,,,,,
394.79999999998876,394.99999999998875,pause,,,,,,
394.99999999998875,395.19999999998873,Blinzeln,,,,,,
395.19999999998873,395.3999999999887,pause,,,,,,
395.3999999999887,395.5999999999887,FussBewegen,,,,,,
395.5999999999887,395.7999999999887,pause,,,,,,
395.7999999999887,395.9999999999887,Schlucken,,,,,,
395.9999999999887,396.1999999999887,pause,,,,,,
396.1999999999887,396.39999999998867,Entspannen,,,,,,
396.39999999998867,396.59999999998865,pause,,,,,,
396.59999999998865,396.79999999998864,NaseRuempfen,,,,,,
396.79999999998864,396.99999999998863,pause,,,,,,
396.99999999998863,397.1999999999886,LuftAnhalten,,,,,,
397.1999999999886,397.3999999999886,pause,,,,,,
397.3999999999886,397.5999999999886,Entspannen,,,,,,
397.5999999999886,397.7999999999886,pause,,,,,,
397.7999999999886,397.9999999999886,NaseRuempfen,,,,,,
397.9999999999886,398.19999999998856,pause,,,,,,
398.19999999998856,398.39999999998855,Entspannen,,,,,,
398.39999999998855,398.59999999998854,pause,,,,,,
398.59999999998854,398.79999999998853,LuftAnhalten,,,,,,
398.79999999998853,398.9999999999885,pause,,,,,,
398.9999999999885,399.1999999999885,LuftAnhalten,,,,,,
399.1999999999885,399.3999999999885,pause,,,,,,
399.3999999999885,399.5999999999885,NaseRuempfen,,,,,,
399.5999999999885,399.7999999999885,pause,,,,,,
399.7999999999885,399.99999999998846,FussBewegen,,,,,,
399.99999999998846,400.19999999998845,pause,,,,,,
400.19999999998845,400.39999999998844,Entspannen,,,,,,
400.39999999998844,400.5999999999884,pause,,,,,,
400.5999999999884,400.7999999999884,NaseRuempfen,,,,,,
400.7999999999884,400.9999999999884,pause,,,,,,
400.9999999999884,401.1999999999884,FussBewegen,,,,,,
401.1999999999884,401.3999999999884,pause,,,,,,
401.3999999999884,401.59999999998837,Entspannen,,,,,,
401.59999999998837,401.79999999998836,pause,,,,,,
401.79999999998836,401.99999999998835,FussBewegen,,,,,,
401.99999999998835,402.19999999998834,pause,,,,,,
402.19999999998834,402.3999999999883,FussBewegen,,,,,,
402.3999999999883,402.5999999999883,pause,,,,,,
402.5999999999883,402.7999999999883,Blinzeln,,,,,,
402.7999999999883,402.9999999999883,pause,,,,,,
402.9999999999883,403.1999999999883,Entspannen,,,,,,
403.1999999999883,403.39999999998827,pause,,,,,,
403.39999999998827,403.59999999998826,NaseRuempfen,,,,,,
403.59999999998826,403.79999999998824,pause,,,,,,
403.79999999998824,403.99999999998823,Entspannen,,,,,,
403.99999999998823,404.1999999999882,pause,,,,,,
404.1999999999882,404.3999999999882,Schlucken,,,,,,
404.3999999999882,404.5999999999882,pause,,,,,,
404.5999999999882,404.7999999999882,FussBewegen,,,,,,
404.7999999999882,404.9999999999882,pause,,,,,,
404.9999999999882,405.19999999998817,Entspannen,,,,,,
405.19999999998817,405.39999999998815,pause,,,,,,
405.39999999998815,405.59999999998814,Schlucken,,,,,,
405.59999999998814,405.79999999998813,pause,,,,,,
405.79999999998813,405.9999999999881,Blinzeln,,,,,,
405.9999999999881,406.1999999999881,pause,,,,,,
406.1999999999881,406.3999999999881,Blinzeln,,,,,,
406.3999999999881,406.5999999999881,pause,,,,,,
406.5999999999881,406.7999999999881,Blinzeln,,,,,,
406.7999999999881,406.99999999998806,pause,,,,,,
406.99999999998806,407.19999999998805,Entspannen,,,,,,
407.19999999998805,407.39999999998804,pause,,,,,,
407.39999999998804,407.59999999998803,FussBewegen,,,,,,
407.59999999998803,407.799999999988,pause,,,,,,
407.799999999988,407.999999999988,Entspannen,,,,,,
407.999999999988,408.199999999988,pause,,,,,,
408.199999999988,408.399999999988,LuftAnhalten,,,,,,
408.399999999988,408.599999999988,pause,,,,,,
408.599999999988,408.79999999998796,Blinzeln,,,,,,
408.79999999998796,408.99999999998795,pause,,,,,,
408.99999999998795,409.19999999998794,Entspannen,,,,,,
409.19999999998794,409.3999999999879,pause,,,,,,
409.3999999999879,409.5999999999879,LuftAnhalten,,,,,,
409.5999999999879,409.7999999999879,pause,,,,,,
409.7999999999879,409.9999999999879,Schlucken,,,,,,
409.9999999999879,410.1999999999879,pause,,,,,,
410.1999999999879,410.39999999998787,LuftAnhalten,,,,,,
410.39999999998787,410.59999999998786,pause,,,,,,
410.59999999998786,410.79999999998785,FussBewegen,,,,,,
410.79999999998785,410.99999999998784,pause,,,,,,
410.99999999998784,411.1999999999878,NaseRuempfen,,,,,,
411.1999999999878,411.3999999999878,pause,,,,,,
411.3999999999878,411.5999999999878,Entspannen,,,,,,
411.5999999999878,411.7999999999878,pause,,,,,,
411.7999999999878,411.9999999999878,Schlucken,,,,,,
411.9999999999878,412.19999999998777,pause,,,,,,
412.19999999998777,412.39999999998776,Entspannen,,,,,,
412.39999999998776,412.59999999998774,pause,,,,,,
412.59999999998774,412.79999999998773,FussBewegen,,,,,,
412.79999999998773,412.9999999999877,pause,,,,,,
412.9999999999877,413.1999999999877,NaseRuempfen,,,,,,
413.1999999999877,413.3999999999877,pause,,,,,,
413.3999999999877,413.5999999999877,Entspannen,,,,,,
413.5999999999877,413.7999999999877,pause,,,,,,
413.7999999999877,413.99999999998766,Schlucken,,,,,,
413.99999999998766,414.19999999998765,pause,,,,,,
414.19999999998765,414.39999999998764,Entspannen,,,,,,
414.39999999998764,414.59999999998763,pause,,,,,,
414.59999999998763,414.7999999999876,Schlucken,,,,,,
414.7999999999876,414.9999999999876,pause,,,,,,
414.9999999999876,415.1999999999876,Entspannen,,,,,,
415.1999999999876,415.3999999999876,pause,,,,,,
415.3999999999876,415.5999999999876,LuftAnhalten,,,,,,
415.5999999999876,415.79999999998756,pause,,,,,,
415.79999999998756,415.99999999998755,NaseRuempfen,,,,,,
415.99999999998755,416.19999999998754,pause,,,,,,
416.19999999998754,416.39999999998753,Entspannen,,,,,,
416.39999999998753,416.5999999999875,pause,,,,,,
416.5999999999875,416.7999999999875,Blinzeln,,,,,,
416.7999999999875,416.9999999999875,pause,,,,,,
416.9999999999875,417.1999999999875,Schlucken,,,,,,
417.1999999999875,417.3999999999875,pause,,,,,,
417.3999999999875,417.59999999998746,FussBewegen,,,,,,
417.59999999998746,417.79999999998745,pause,,,,,,
417.79999999998745,417.99999999998744,Schlucken,,,,,,
417.99999999998744,418.1999999999874,pause,,,,,,
418.1999999999874,418.3999999999874,Schlucken,,,,,,
418.3999999999874,418.5999999999874,pause,,,,,,
418.5999999999874,418.7999999999874,LuftAnhalten,,,,,,
418.7999999999874,418.9999999999874,pause,,,,,,
418.9999999999874,419.19999999998737,Entspannen,,,,,,
419.19999999998737,419.39999999998736,pause,,,,,,
419.39999999998736,419.59999999998735,LuftAnhalten,,,,,,
419.59999999998735,419.79999999998734,pause,,,,,,
419.79999999998734,419.9999999999873,Entspannen,,,,,,
419.9999999999873,420.1999999999873,pause,,,,,,
420.1999999999873,420.3999999999873,NaseRuempfen,,,,,,
420.3999999999873,420.5999999999873,pause,,,,,,
420.5999999999873,420.7999999999873,FussBewegen,,,,,,
420.7999999999873,420.99999999998727,pause,,,,,,
420.99999999998727,421.19999999998726,Schlucken,,,,,,
421.19999999998726,421.39999999998724,pause,,,,,,
421.39999999998724,421.59999999998723,Entspannen,,,,,,
421.59999999998723,421.7999999999872,pause,,,,,,
421.7999999999872,421.9999999999872,Blinzeln,,,,,,
421.9999999999872,422.1999999999872,pause,,,,,,
422.1999999999872,422.3999999999872,NaseRuempfen,,,,,,
422.3999999999872,422.5999999999872,pause,,,,,,
422.5999999999872,422.79999999998716,Entspannen,,,,,,
422.79999999998716,422.99999999998715,pause,,,,,,
422.99999999998715,423.19999999998714,FussBewegen,,,,,,
423.19999999998714,423.39999999998713,pause,,,,,,
423.39999999998713,423.5999999999871,FussBewegen,,,,,,
423.5999999999871,423.7999999999871,pause,,,,,,
423.7999999999871,423.9999999999871,LuftAnhalten,,,,,,
423.9999999999871,424.1999999999871,pause,,,,,,
424.1999999999871,424.3999999999871,Entspannen,,,,,,
424.3999999999871,424.59999999998706,pause,,,,,,
424.59999999998706,424.79999999998705,FussBewegen,,,,,,
424.79999999998705,424.99999999998704,pause,,,,,,
424.99999999998704,425.199999999987,Blinzeln,,,,,,
425.199999999987,425.399999999987,pause,,,,,,
425.399999999987,425.599999999987,Entspannen,,,,,,
425.599999999987,425.799999999987,pause,,,,,,
425.799999999987,425.999999999987,LuftAnhalten,,,,,,
425.999999999987,426.19999999998697,pause,,,,,,
426.19999999998697,426.39999999998696,Entspannen,,,,,,
426.39999999998696,426.59999999998695,pause,,,,,,
426.59999999998695,426.79999999998694,NaseRuempfen,,,,,,
426.79999999998694,426.9999999999869,pause,,,,,,
426.9999999999869,427.1999999999869,Entspannen,,,,,,
427.1999999999869,427.3999999999869,pause,,,,,,
427.3999999999869,427.5999999999869,Blinzeln,,,,,,
427.5999999999869,427.7999999999869,pause,,,,,,
427.7999999999869,427.99999999998687,FussBewegen,,,,,,
427.99999999998687,428.19999999998686,pause,,,,,,
428.19999999998686,428.39999999998685,Entspannen,,,,,,
428.39999999998685,428.59999999998684,pause,,,,,,
428.59999999998684,428.7999999999868,LuftAnhalten,,,,,,
428.7999999999868,428.9999999999868,pause,,,,,,
428.9999999999868,429.1999999999868,NaseRuempfen,,,,,,
429.1999999999868,429.3999999999868,pause,,,,,,
429.3999999999868,429.5999999999868,Schlucken,,,,,,
429.5999999999868,429.79999999998677,pause,,,,,,
429.79999999998677,429.99999999998676,Blinzeln,,,,,,
429.99999999998676,430.19999999998674,pause,,,,,,
430.19999999998674,430.39999999998673,Entspannen,,,,,,
430.39999999998673,430.5999999999867,pause,,,,,,
430.5999999999867,430.7999999999867,Blinzeln,,,,,,
430.7999999999867,430.9999999999867,pause,,,,,,
430.9999999999867,431.1999999999867,FussBewegen,,,,,,
431.1999999999867,431.3999999999867,pause,,,,,,
431.3999999999867,431.59999999998666,Entspannen,,,,,,
431.59999999998666,431.79999999998665,pause,,,,,,
431.79999999998665,431.99999999998664,LuftAnhalten,,,,,,
431.99999999998664,432.19999999998663,pause,,,,,,
432.19999999998663,432.3999999999866,Entspannen,,,,,,
432.3999999999866,432.5999999999866,pause,,,,,,
432.5999999999866,432.7999999999866,Blinzeln,,,,,,
432.7999999999866,432.9999999999866,pause,,,,,,
432.9999999999866,433.1999999999866,NaseRuempfen,,,,,,
433.1999999999866,433.39999999998656,pause,,,,,,
433.39999999998656,433.59999999998655,FussBewegen,,,,,,
433.59999999998655,433.79999999998654,pause,,,,,,
433.79999999998654,433.9999999999865,LuftAnhalten,,,,,,
433.9999999999865,434.1999999999865,pause,,,,,,
434.1999999999865,434.3999999999865,Entspannen,,,,,,
434.3999999999865,434.5999999999865,pause,,,,,,
434.5999999999865,434.7999999999865,Schlucken,,,,,,
434.7999999999865,434.99999999998647,pause,,,,,,
434.99999999998647,435.19999999998646,Entspannen,,,,,,
435.19999999998646,435.39999999998645,pause,,,,,,
435.39999999998645,435.59999999998644,LuftAnhalten,,,,,,
435.59999999998644,435.7999999999864,pause,,,,,,
435.7999999999864,435.9999999999864,NaseRuempfen,,,,,,
435.9999999999864,436.1999999999864,pause,,,,,,
436.1999999999864,436.3999999999864,Entspannen,,,,,,
436.3999999999864,436.5999999999864,pause,,,,,,
436.5999999999864,436.79999999998637,NaseRuempfen,,,,,,
436.79999999998637,436.99999999998636,pause,,,,,,
436.99999999998636,437.19999999998635,FussBewegen,,,,,,
437.19999999998635,437.39999999998633,pause,,,,,,
437.39999999998633,437.5999999999863,Blinzeln,,,,,,
437.5999999999863,437.7999999999863,pause,,,,,,
437.7999999999863,437.9999999999863,FussBewegen,,,,,,
437.9999999999863,438.1999999999863,pause,,,,,,
438.1999999999863,438.3999999999863,FussBewegen,,,,,,
438.3999999999863,438.59999999998627,pause,,,,,,
438.59999999998627,438.79999999998626,FussBewegen,,,,,,
438.79999999998626,438.99999999998624,pause,,,,,,
438.99999999998624,439.19999999998623,FussBewegen,,,,,,
439.19999999998623,439.3999999999862,pause,,,,,,
439.3999999999862,439.5999999999862,Entspannen,,,,,,
439.5999999999862,439.7999999999862,pause,,,,,,
439.7999999999862,439.9999999999862,Blinzeln,,,,,,
439.9999999999862,440.1999999999862,pause,,,,,,
440.1999999999862,440.39999999998616,LuftAnhalten,,,,,,
440.39999999998616,440.59999999998615,pause,,,,,,
440.59999999998615,440.79999999998614,Entspannen,,,,,,
440.79999999998614,440.99999999998613,pause,,,,,,
440.99999999998613,441.1999999999861,NaseRuempfen,,,,,,
441.1999999999861,441.3999999999861,pause,,,,,,
441.3999999999861,441.5999999999861,Entspannen,,,,,,
441.5999999999861,441.7999999999861,pause,,,,,,
441.7999999999861,441.9999999999861,Blinzeln,,,,,,
441.9999999999861,442.19999999998606,pause,,,,,,
442.19999999998606,442.39999999998605,Entspannen,,,,,,
442.39999999998605,442.59999999998604,pause,,,,,,
442.59999999998604,442.799999999986,Blinzeln,,,,,,
442.799999999986,442.999999999986,pause,,,,,,
442.999999999986,443.199999999986,LuftAnhalten,,,,,,
443.199999999986,443.399999999986,pause,,,,,,
443.399999999986,443.599999999986,Entspannen,,,,,,
443.599999999986,443.79999999998597,pause,,,,,,
443.79999999998597,443.99999999998596,Blinzeln,,,,,,
443.99999999998596,444.19999999998595,pause,,,,,,
444.19999999998595,444.39999999998594,Entspannen,,,,,,
444.39999999998594,444.5999999999859,pause,,,,,,
444.5999999999859,444.7999999999859,Blinzeln,,,,,,
444.7999999999859,444.9999999999859,pause,,,,,,
444.9999999999859,445.1999999999859,FussBewegen,,,,,,
445.1999999999859,445.3999999999859,pause,,,,,,
445.3999999999859,445.59999999998587,Schlucken,,,,,,
445.59999999998587,445.79999999998586,pause,,,,,,
445.79999999998586,445.99999999998585,Blinzeln,,,,,,
445.99999999998585,446.19999999998583,pause,,,,,,
446.19999999998583,446.3999999999858,NaseRuempfen,,,,,,
446.3999999999858,446.5999999999858,pause,,,,,,
446.5999999999858,446.7999999999858,Entspannen,,,,,,
446.7999999999858,446.9999999999858,pause,,,,,,
446.9999999999858,447.1999999999858,FussBewegen,,,,,,
447.1999999999858,447.39999999998577,pause,,,,,,
447.39999999998577,447.59999999998576,Entspannen,,,,,,
447.59999999998576,447.79999999998574,pause,,,,,,
447.79999999998574,447.99999999998573,FussBewegen,,,,,,
447.99999999998573,448.1999999999857,pause,,,,,,
448.1999999999857,448.3999999999857,LuftAnhalten,,,,,,
448.3999999999857,448.5999999999857,pause,,,,,,
448.5999999999857,448.7999999999857,Schlucken,,,,,,
448.7999999999857,448.9999999999857,pause,,,,,,
448.9999999999857,449.19999999998566,Entspannen,,,,,,
449.19999999998566,449.39999999998565,pause,,,,,,
449.39999999998565,449.59999999998564,FussBewegen,,,,,,
449.59999999998564,449.79999999998563,pause,,,,,,
449.79999999998563,449.9999999999856,NaseRuempfen,,,,,,
449.9999999999856,450.1999999999856,pause,,,,,,
450.1999999999856,450.3999999999856,FussBewegen,,,,,,
450.3999999999856,450.5999999999856,pause,,,,,,
450.5999999999856,450.7999999999856,Entspannen,,,,,,
450.7999999999856,450.99999999998556,pause,,,,,,
450.99999999998556,451.19999999998555,Blinzeln,,,,,,
451.19999999998555,451.39999999998554,pause,,,,,,
451.39999999998554,451.5999999999855,NaseRuempfen,,,,,,
451.5999999999855,451.7999999999855,pause,,,,,,
451.7999999999855,451.9999999999855,LuftAnhalten,,,,,,
451.9999999999855,452.1999999999855,pause,,,,,,
452.1999999999855,452.3999999999855,Entspannen,,,,,,
