start_time,end_time,type,FussBewegen,ZungeGegenGaumen,ZaehneBeissen,LuftAnhalten,NaseRuempfen,Schlucken
0,15,pause_between_trials,,,,,,
15,15.2,pause,,,,,,
15.2,15.399999999999999,FussBewegen,,,,,,
15.399999999999999,15.599999999999998,pause,,,,,,
15.599999999999998,15.799999999999997,Schlucken,,,,,,
15.799999999999997,15.999999999999996,pause,,,,,,
15.999999999999996,16.199999999999996,Schlucken,,,,,,
16.199999999999996,16.399999999999995,pause,,,,,,
16.399999999999995,16.599999999999994,Schlucken,,,,,,
16.599999999999994,16.799999999999994,pause,,,,,,
16.799999999999994,16.999999999999993,Schlucken,,,,,,
16.999999999999993,17.199999999999992,pause,,,,,,
17.199999999999992,17.39999999999999,ZaehneBeissen,,,,,,
17.39999999999999,17.59999999999999,pause,,,,,,
17.59999999999999,17.79999999999999,ZaehneBeissen,,,,,,
17.79999999999999,17.99999999999999,pause,,,,,,
17.99999999999999,18.19999999999999,ZungeGegenGaumen,,,,,,
18.19999999999999,18.399999999999988,pause,,,,,,
18.399999999999988,18.599999999999987,FussBewegen,,,,,,
18.599999999999987,18.799999999999986,pause,,,,,,
18.799999999999986,18.999999999999986,LuftAnhalten,,,,,,
18.999999999999986,19.199999999999985,pause,,,,,,
19.199999999999985,19.399999999999984,LuftAnhalten,,,,,,
19.399999999999984,19.599999999999984,pause,,,,,,
19.599999999999984,19.799999999999983,FussBewegen,,,,,,
19.799999999999983,19.999999999999982,pause,,,,,,
19.999999999999982,20.19999999999998,LuftAnhalten,,,,,,
20.19999999999998,20.39999999999998,pause,,,,,,
20.39999999999998,20.59999999999998,FussBewegen,,,,,,
20.59999999999998,20.79999999999998,pause,,,,,,
20.79999999999998,20.99999999999998,Schlucken,,,,,,
20.99999999999998,21.199999999999978,pause,,,,,,
21.199999999999978,21.399999999999977,Schlucken,,,,,,
21.399999999999977,21.599999999999977,pause,,,,,,
21.599999999999977,21.799999999999976,Schlucken,,,,,,
21.799999999999976,21.999999999999975,pause,,,,,,
21.999999999999975,22.199999999999974,NaseRuempfen,,,,,,
22.199999999999974,22.399999999999974,pause,,,,,,
22.399999999999974,22.599999999999973,ZaehneBeissen,,,,,,
22.599999999999973,22.799999999999972,pause,,,,,,
22.799999999999972,22.99999999999997,Schlucken,,,,,,
22.99999999999997,23.19999999999997,pause,,,,,,
23.19999999999997,23.39999999999997,Schlucken,,,,,,
23.39999999999997,23.59999999999997,pause,,,,,,
23.59999999999997,23.79999999999997,NaseRuempfen,,,,,,
23.79999999999997,23.999999999999968,pause,,,,,,
23.999999999999968,24.199999999999967,LuftAnhalten,,,,,,
24.199999999999967,24.399999999999967,pause,,,,,,
24.399999999999967,24.599999999999966,LuftAnhalten,,,,,,
24.599999999999966,24.799999999999965,pause,,,,,,
24.799999999999965,24.999999999999964,LuftAnhalten,,,,,,
24.999999999999964,25.199999999999964,pause,,,,,,
25.199999999999964,25.399999999999963,Schlucken,,,,,,
25.399999999999963,25.599999999999962,pause,,,,,,
25.599999999999962,25.79999999999996,FussBewegen,,,,,,
25.79999999999996,25.99999999999996,pause,,,,,,
25.99999999999996,26.19999999999996,Schlucken,,,,,,
26.19999999999996,26.39999999999996,pause,,,,,,
26.39999999999996,26.59999999999996,FussBewegen,,,,,,
26.59999999999996,26.799999999999958,pause,,,,,,
26.799999999999958,26.999999999999957,ZungeGegenGaumen,,,,,,
26.999999999999957,27.199999999999957,pause,,,,,,
27.199999999999957,27.399999999999956,FussBewegen,,,,,,
27.399999999999956,27.599999999999955,pause,,,,,,
27.599999999999955,27.799999999999955,LuftAnhalten,,,,,,
27.799999999999955,27.999999999999954,pause,,,,,,
27.999999999999954,28.199999999999953,LuftAnhalten,,,,,,
28.199999999999953,28.399999999999952,pause,,,,,,
28.399999999999952,28.59999999999995,NaseRuempfen,,,,,,
28.59999999999995,28.79999999999995,pause,,,,,,
28.79999999999995,28.99999999999995,LuftAnhalten,,,,,,
28.99999999999995,29.19999999999995,pause,,,,,,
29.19999999999995,29.39999999999995,ZaehneBeissen,,,,,,
29.39999999999995,29.599999999999948,pause,,,,,,
29.599999999999948,29.799999999999947,NaseRuempfen,,,,,,
29.799999999999947,29.999999999999947,pause,,,,,,
29.999999999999947,30.199999999999946,ZaehneBeissen,,,,,,
30.199999999999946,30.399999999999945,pause,,,,,,
30.399999999999945,30.599999999999945,FussBewegen,,,,,,
30.599999999999945,30.799999999999944,pause,,,,,,
30.799999999999944,30.999999999999943,NaseRuempfen,,,,,,
30.999999999999943,31.199999999999942,pause,,,,,,
31.199999999999942,31.39999999999994,FussBewegen,,,,,,
31.39999999999994,31.59999999999994,pause,,,,,,
31.59999999999994,31.79999999999994,ZaehneBeissen,,,,,,
31.79999999999994,31.99999999999994,pause,,,,,,
31.99999999999994,32.19999999999994,ZungeGegenGaumen,,,,,,
32.19999999999994,32.39999999999994,pause,,,,,,
32.39999999999994,32.599999999999945,Schlucken,,,,,,
32.599999999999945,32.79999999999995,pause,,,,,,
32.79999999999995,32.99999999999995,FussBewegen,,,,,,
32.99999999999995,33.19999999999995,pause,,,,,,
33.19999999999995,33.399999999999956,NaseRuempfen,,,,,,
33.399999999999956,33.59999999999996,pause,,,,,,
33.59999999999996,33.79999999999996,NaseRuempfen,,,,,,
33.79999999999996,33.999999999999964,pause,,,,,,
33.999999999999964,34.19999999999997,NaseRuempfen,,,,,,
34.19999999999997,34.39999999999997,pause,,,,,,
34.39999999999997,34.59999999999997,Schlucken,,,,,,
34.59999999999997,34.799999999999976,pause,,,,,,
34.799999999999976,34.99999999999998,ZungeGegenGaumen,,,,,,
34.99999999999998,35.19999999999998,pause,,,,,,
35.19999999999998,35.399999999999984,FussBewegen,,,,,,
35.399999999999984,35.59999999999999,pause,,,,,,
35.59999999999999,35.79999999999999,ZaehneBeissen,,,,,,
35.79999999999999,35.99999999999999,pause,,,,,,
35.99999999999999,36.199999999999996,ZaehneBeissen,,,,,,
36.199999999999996,36.4,pause,,,,,,
36.4,36.6,LuftAnhalten,,,,,,
36.6,36.800000000000004,pause,,,,,,
36.800000000000004,37.00000000000001,ZungeGegenGaumen,,,,,,
37.00000000000001,37.20000000000001,pause,,,,,,
37.20000000000001,37.40000000000001,FussBewegen,,,,,,
37.40000000000001,37.600000000000016,pause,,,,,,
37.600000000000016,37.80000000000002,NaseRuempfen,,,,,,
37.80000000000002,38.00000000000002,pause,,,,,,
38.00000000000002,38.200000000000024,ZungeGegenGaumen,,,,,,
38.200000000000024,38.40000000000003,pause,,,,,,
38.40000000000003,38.60000000000003,NaseRuempfen,,,,,,
38.60000000000003,38.80000000000003,pause,,,,,,
38.80000000000003,39.000000000000036,LuftAnhalten,,,,,,
39.000000000000036,39.20000000000004,pause,,,,,,
39.20000000000004,39.40000000000004,FussBewegen,,,,,,
39.40000000000004,39.600000000000044,pause,,,,,,
39.600000000000044,39.80000000000005,Schlucken,,,,,,
39.80000000000005,40.00000000000005,pause,,,,,,
40.00000000000005,40.20000000000005,LuftAnhalten,,,,,,
40.20000000000005,40.400000000000055,pause,,,,,,
40.400000000000055,40.60000000000006,LuftAnhalten,,,,,,
40.60000000000006,40.80000000000006,pause,,,,,,
40.80000000000006,41.000000000000064,ZungeGegenGaumen,,,,,,
41.000000000000064,41.20000000000007,pause,,,,,,
41.20000000000007,41.40000000000007,ZungeGegenGaumen,,,,,,
41.40000000000007,41.60000000000007,pause,,,,,,
41.60000000000007,41.800000000000075,LuftAnhalten,,,,,,
41.800000000000075,42.00000000000008,pause,,,,,,
42.00000000000008,42.20000000000008,ZaehneBeissen,,,,,,
42.20000000000008,42.400000000000084,pause,,,,,,
42.400000000000084,42.60000000000009,FussBewegen,,,,,,
42.60000000000009,42.80000000000009,pause,,,,,,
42.80000000000009,43.00000000000009,ZaehneBeissen,,,,,,
43.00000000000009,43.200000000000095,pause,,,,,,
43.200000000000095,43.4000000000001,Schlucken,,,,,,
43.4000000000001,43.6000000000001,pause,,,,,,
43.6000000000001,43.800000000000104,ZaehneBeissen,,,,,,
43.800000000000104,44.00000000000011,pause,,,,,,
44.00000000000011,44.20000000000011,ZungeGegenGaumen,,,,,,
44.20000000000011,44.40000000000011,pause,,,,,,
44.40000000000011,44.600000000000115,FussBewegen,,,,,,
44.600000000000115,44.80000000000012,pause,,,,,,
44.80000000000012,45.00000000000012,ZungeGegenGaumen,,,,,,
45.00000000000012,45.200000000000124,pause,,,,,,
45.200000000000124,45.40000000000013,NaseRuempfen,,,,,,
45.40000000000013,45.60000000000013,pause,,,,,,
45.60000000000013,45.80000000000013,NaseRuempfen,,,,,,
45.80000000000013,46.000000000000135,pause,,,,,,
46.000000000000135,46.20000000000014,Schlucken,,,,,,
46.20000000000014,46.40000000000014,pause,,,,,,
46.40000000000014,46.60000000000014,FussBewegen,,,,,,
46.60000000000014,46.800000000000146,pause,,,,,,
46.800000000000146,47.00000000000015,ZungeGegenGaumen,,,,,,
47.00000000000015,47.20000000000015,pause,,,,,,
47.20000000000015,47.400000000000155,ZaehneBeissen,,,,,,
47.400000000000155,47.60000000000016,pause,,,,,,
47.60000000000016,47.80000000000016,FussBewegen,,,,,,
47.80000000000016,48.00000000000016,pause,,,,,,
48.00000000000016,48.200000000000166,Schlucken,,,,,,
48.200000000000166,48.40000000000017,pause,,,,,,
48.40000000000017,48.60000000000017,Schlucken,,,,,,
48.60000000000017,48.800000000000175,pause,,,,,,
48.800000000000175,49.00000000000018,FussBewegen,,,,,,
49.00000000000018,49.20000000000018,pause,,,,,,
49.20000000000018,49.40000000000018,ZungeGegenGaumen,,,,,,
49.40000000000018,49.600000000000186,pause,,,,,,
49.600000000000186,49.80000000000019,ZungeGegenGaumen,,,,,,
49.80000000000019,50.00000000000019,pause,,,,,,
50.00000000000019,50.200000000000195,LuftAnhalten,,,,,,
50.200000000000195,50.4000000000002,pause,,,,,,
50.4000000000002,50.6000000000002,NaseRuempfen,,,,,,
50.6000000000002,50.8000000000002,pause,,,,,,
50.8000000000002,51.000000000000206,ZungeGegenGaumen,,,,,,
51.000000000000206,51.20000000000021,pause,,,,,,
51.20000000000021,51.40000000000021,ZungeGegenGaumen,,,,,,
51.40000000000021,51.600000000000215,pause,,,,,,
51.600000000000215,51.80000000000022,NaseRuempfen,,,,,,
51.80000000000022,52.00000000000022,pause,,,,,,
52.00000000000022,52.20000000000022,FussBewegen,,,,,,
52.20000000000022,52.400000000000226,pause,,,,,,
52.400000000000226,52.60000000000023,ZaehneBeissen,,,,,,
52.60000000000023,52.80000000000023,pause,,,,,,
52.80000000000023,53.000000000000234,NaseRuempfen,,,,,,
53.000000000000234,53.20000000000024,pause,,,,,,
53.20000000000024,53.40000000000024,ZungeGegenGaumen,,,,,,
53.40000000000024,53.60000000000024,pause,,,,,,
53.60000000000024,53.800000000000246,Schlucken,,,,,,
53.800000000000246,54.00000000000025,pause,,,,,,
54.00000000000025,54.20000000000025,LuftAnhalten,,,,,,
54.20000000000025,54.400000000000254,pause,,,,,,
54.400000000000254,54.60000000000026,FussBewegen,,,,,,
54.60000000000026,54.80000000000026,pause,,,,,,
54.80000000000026,55.00000000000026,ZungeGegenGaumen,,,,,,
55.00000000000026,55.200000000000266,pause,,,,,,
55.200000000000266,55.40000000000027,NaseRuempfen,,,,,,
55.40000000000027,55.60000000000027,pause,,,,,,
55.60000000000027,55.800000000000274,FussBewegen,,,,,,
55.800000000000274,56.00000000000028,pause,,,,,,
56.00000000000028,56.20000000000028,ZaehneBeissen,,,,,,
56.20000000000028,56.40000000000028,pause,,,,,,
56.40000000000028,56.600000000000286,ZaehneBeissen,,,,,,
56.600000000000286,56.80000000000029,pause,,,,,,
56.80000000000029,57.00000000000029,LuftAnhalten,,,,,,
57.00000000000029,57.200000000000294,pause,,,,,,
57.200000000000294,57.4000000000003,FussBewegen,,,,,,
57.4000000000003,57.6000000000003,pause,,,,,,
57.6000000000003,57.8000000000003,LuftAnhalten,,,,,,
57.8000000000003,58.000000000000306,pause,,,,,,
58.000000000000306,58.20000000000031,LuftAnhalten,,,,,,
58.20000000000031,58.40000000000031,pause,,,,,,
58.40000000000031,58.600000000000314,ZungeGegenGaumen,,,,,,
58.600000000000314,58.80000000000032,pause,,,,,,
58.80000000000032,59.00000000000032,ZaehneBeissen,,,,,,
59.00000000000032,59.20000000000032,pause,,,,,,
59.20000000000032,59.400000000000325,FussBewegen,,,,,,
59.400000000000325,59.60000000000033,pause,,,,,,
59.60000000000033,59.80000000000033,Schlucken,,,,,,
59.80000000000033,60.000000000000334,pause,,,,,,
60.000000000000334,60.20000000000034,ZungeGegenGaumen,,,,,,
60.20000000000034,60.40000000000034,pause,,,,,,
60.40000000000034,60.60000000000034,ZungeGegenGaumen,,,,,,
60.60000000000034,60.800000000000345,pause,,,,,,
60.800000000000345,61.00000000000035,NaseRuempfen,,,,,,
61.00000000000035,61.20000000000035,pause,,,,,,
61.20000000000035,61.400000000000354,ZungeGegenGaumen,,,,,,
61.400000000000354,61.60000000000036,pause,,,,,,
61.60000000000036,61.80000000000036,NaseRuempfen,,,,,,
61.80000000000036,62.00000000000036,pause,,,,,,
62.00000000000036,62.200000000000365,ZaehneBeissen,,,,,,
62.200000000000365,62.40000000000037,pause,,,,,,
62.40000000000037,62.60000000000037,FussBewegen,,,,,,
62.60000000000037,62.800000000000374,pause,,,,,,
62.800000000000374,63.00000000000038,Schlucken,,,,,,
63.00000000000038,63.20000000000038,pause,,,,,,
63.20000000000038,63.40000000000038,ZaehneBeissen,,,,,,
63.40000000000038,63.600000000000385,pause,,,,,,
63.600000000000385,63.80000000000039,ZungeGegenGaumen,,,,,,
63.80000000000039,64.00000000000038,pause,,,,,,
64.00000000000038,64.20000000000039,Schlucken,,,,,,
64.20000000000039,64.40000000000039,pause,,,,,,
64.40000000000039,64.60000000000039,FussBewegen,,,,,,
64.60000000000039,64.8000000000004,pause,,,,,,
64.8000000000004,65.0000000000004,Schlucken,,,,,,
65.0000000000004,65.2000000000004,pause,,,,,,
65.2000000000004,65.4000000000004,ZaehneBeissen,,,,,,
65.4000000000004,65.6000000000004,pause,,,,,,
65.6000000000004,65.80000000000041,FussBewegen,,,,,,
65.80000000000041,66.00000000000041,pause,,,,,,
66.00000000000041,66.20000000000041,ZungeGegenGaumen,,,,,,
66.20000000000041,66.40000000000042,pause,,,,,,
66.40000000000042,66.60000000000042,NaseRuempfen,,,,,,
66.60000000000042,66.80000000000042,pause,,,,,,
66.80000000000042,67.00000000000043,Schlucken,,,,,,
67.00000000000043,67.20000000000043,pause,,,,,,
67.20000000000043,67.40000000000043,FussBewegen,,,,,,
67.40000000000043,67.60000000000043,pause,,,,,,
67.60000000000043,67.80000000000044,NaseRuempfen,,,,,,
67.80000000000044,68.00000000000044,pause,,,,,,
68.00000000000044,68.20000000000044,ZungeGegenGaumen,,,,,,
68.20000000000044,68.40000000000045,pause,,,,,,
68.40000000000045,68.60000000000045,LuftAnhalten,,,,,,
68.60000000000045,68.80000000000045,pause,,,,,,
68.80000000000045,69.00000000000045,FussBewegen,,,,,,
69.00000000000045,69.20000000000046,pause,,,,,,
69.20000000000046,69.40000000000046,Schlucken,,,,,,
69.40000000000046,69.60000000000046,pause,,,,,,
69.60000000000046,69.80000000000047,NaseRuempfen,,,,,,
69.80000000000047,70.00000000000047,pause,,,,,,
70.00000000000047,70.20000000000047,ZaehneBeissen,,,,,,
70.20000000000047,70.40000000000047,pause,,,,,,
70.40000000000047,70.60000000000048,LuftAnhalten,,,,,,
70.60000000000048,70.80000000000048,pause,,,,,,
70.80000000000048,71.00000000000048,LuftAnhalten,,,,,,
71.00000000000048,71.20000000000049,pause,,,,,,
71.20000000000049,71.40000000000049,Schlucken,,,,,,
71.40000000000049,71.60000000000049,pause,,,,,,
71.60000000000049,71.8000000000005,NaseRuempfen,,,,,,
71.8000000000005,72.0000000000005,pause,,,,,,
72.0000000000005,72.2000000000005,FussBewegen,,,,,,
72.2000000000005,72.4000000000005,pause,,,,,,
72.4000000000005,72.6000000000005,ZungeGegenGaumen,,,,,,
72.6000000000005,72.80000000000051,pause,,,,,,
72.80000000000051,73.00000000000051,NaseRuempfen,,,,,,
73.00000000000051,73.20000000000051,pause,,,,,,
73.20000000000051,73.40000000000052,LuftAnhalten,,,,,,
73.40000000000052,73.60000000000052,pause,,,,,,
73.60000000000052,73.80000000000052,ZungeGegenGaumen,,,,,,
73.80000000000052,74.00000000000053,pause,,,,,,
74.00000000000053,74.20000000000053,NaseRuempfen,,,,,,
74.20000000000053,74.40000000000053,pause,,,,,,
74.40000000000053,74.60000000000053,FussBewegen,,,,,,
74.60000000000053,74.80000000000054,pause,,,,,,
74.80000000000054,75.00000000000054,LuftAnhalten,,,,,,
75.00000000000054,75.20000000000054,pause,,,,,,
75.20000000000054,75.40000000000055,FussBewegen,,,,,,
75.40000000000055,90.40000000000055,pause_between_trials,,,,,,
90.40000000000055,90.60000000000055,pause,,,,,,
90.60000000000055,90.80000000000055,LuftAnhalten,,,,,,
90.80000000000055,91.00000000000055,pause,,,,,,
91.00000000000055,91.20000000000056,LuftAnhalten,,,,,,
91.20000000000056,91.40000000000056,pause,,,,,,
91.40000000000056,91.60000000000056,Schlucken,,,,,,
91.60000000000056,91.80000000000057,pause,,,,,,
91.80000000000057,92.00000000000057,LuftAnhalten,,,,,,
92.00000000000057,92.20000000000057,pause,,,,,,
92.20000000000057,92.40000000000057,ZungeGegenGaumen,,,,,,
92.40000000000057,92.60000000000058,pause,,,,,,
92.60000000000058,92.80000000000058,FussBewegen,,,,,,
92.80000000000058,93.00000000000058,pause,,,,,,
93.00000000000058,93.20000000000059,Schlucken,,,,,,
93.20000000000059,93.40000000000059,pause,,,,,,
93.40000000000059,93.60000000000059,Schlucken,,,,,,
93.60000000000059,93.8000000000006,pause,,,,,,
93.8000000000006,94.0000000000006,Schlucken,,,,,,
94.0000000000006,94.2000000000006,pause,,,,,,
94.2000000000006,94.4000000000006,ZungeGegenGaumen,,,,,,
94.4000000000006,94.6000000000006,pause,,,,,,
94.6000000000006,94.80000000000061,LuftAnhalten,,,,,,
94.80000000000061,95.00000000000061,pause,,,,,,
95.00000000000061,95.20000000000061,FussBewegen,,,,,,
95.20000000000061,95.40000000000062,pause,,,,,,
95.40000000000062,95.60000000000062,ZaehneBeissen,,,,,,
95.60000000000062,95.80000000000062,pause,,,,,,
95.80000000000062,96.00000000000063,FussBewegen,,,,,,
96.00000000000063,96.20000000000063,pause,,,,,,
96.20000000000063,96.40000000000063,ZungeGegenGaumen,,,,,,
96.40000000000063,96.60000000000063,pause,,,,,,
96.60000000000063,96.80000000000064,FussBewegen,,,,,,
96.80000000000064,97.00000000000064,pause,,,,,,
97.00000000000064,97.20000000000064,NaseRuempfen,,,,,,
97.20000000000064,97.40000000000065,pause,,,,,,
97.40000000000065,97.60000000000065,Schlucken,,,,,,
97.60000000000065,97.80000000000065,pause,,,,,,
97.80000000000065,98.00000000000065,LuftAnhalten,,,,,,
98.00000000000065,98.20000000000066,pause,,,,,,
98.20000000000066,98.40000000000066,FussBewegen,,,,,,
98.40000000000066,98.60000000000066,pause,,,,,,
98.60000000000066,98.80000000000067,LuftAnhalten,,,,,,
98.80000000000067,99.00000000000067,pause,,,,,,
99.00000000000067,99.20000000000067,LuftAnhalten,,,,,,
99.20000000000067,99.40000000000067,pause,,,,,,
99.40000000000067,99.60000000000068,ZungeGegenGaumen,,,,,,
99.60000000000068,99.80000000000068,pause,,,,,,
99.80000000000068,100.00000000000068,FussBewegen,,,,,,
100.00000000000068,100.20000000000068,pause,,,,,,
100.20000000000068,100.40000000000069,NaseRuempfen,,,,,,
100.40000000000069,100.60000000000069,pause,,,,,,
100.60000000000069,100.8000000000007,ZungeGegenGaumen,,,,,,
100.8000000000007,101.0000000000007,pause,,,,,,
101.0000000000007,101.2000000000007,Schlucken,,,,,,
101.2000000000007,101.4000000000007,pause,,,,,,
101.4000000000007,101.6000000000007,LuftAnhalten,,,,,,
101.6000000000007,101.80000000000071,pause,,,,,,
101.80000000000071,102.00000000000071,ZaehneBeissen,,,,,,
102.00000000000071,102.20000000000071,pause,,,,,,
102.20000000000071,102.40000000000072,Schlucken,,,,,,
102.40000000000072,102.60000000000072,pause,,,,,,
102.60000000000072,102.80000000000072,NaseRuempfen,,,,,,
102.80000000000072,103.00000000000072,pause,,,,,,
103.00000000000072,103.20000000000073,LuftAnhalten,,,,,,
103.20000000000073,103.40000000000073,pause,,,,,,
103.40000000000073,103.60000000000073,ZungeGegenGaumen,,,,,,
103.60000000000073,103.80000000000074,pause,,,,,,
103.80000000000074,104.00000000000074,Schlucken,,,,,,
104.00000000000074,104.20000000000074,pause,,,,,,
104.20000000000074,104.40000000000074,ZaehneBeissen,,,,,,
104.40000000000074,104.60000000000075,pause,,,,,,
104.60000000000075,104.80000000000075,ZaehneBeissen,,,,,,
104.80000000000075,105.00000000000075,pause,,,,,,
105.00000000000075,105.20000000000076,NaseRuempfen,,,,,,
105.20000000000076,105.40000000000076,pause,,,,,,
105.40000000000076,105.60000000000076,ZungeGegenGaumen,,,,,,
105.60000000000076,105.80000000000076,pause,,,,,,
105.80000000000076,106.00000000000077,ZaehneBeissen,,,,,,
106.00000000000077,106.20000000000077,pause,,,,,,
106.20000000000077,106.40000000000077,LuftAnhalten,,,,,,
106.40000000000077,106.60000000000078,pause,,,,,,
106.60000000000078,106.80000000000078,NaseRuempfen,,,,,,
106.80000000000078,107.00000000000078,pause,,,,,,
107.00000000000078,107.20000000000078,NaseRuempfen,,,,,,
107.20000000000078,107.40000000000079,pause,,,,,,
107.40000000000079,107.60000000000079,Schlucken,,,,,,
107.60000000000079,107.8000000000008,pause,,,,,,
107.8000000000008,108.0000000000008,Schlucken,,,,,,
108.0000000000008,108.2000000000008,pause,,,,,,
108.2000000000008,108.4000000000008,Schlucken,,,,,,
108.4000000000008,108.6000000000008,pause,,,,,,
108.6000000000008,108.80000000000081,ZungeGegenGaumen,,,,,,
108.80000000000081,109.00000000000081,pause,,,,,,
109.00000000000081,109.20000000000081,LuftAnhalten,,,,,,
109.20000000000081,109.40000000000082,pause,,,,,,
109.40000000000082,109.60000000000082,ZungeGegenGaumen,,,,,,
109.60000000000082,109.80000000000082,pause,,,,,,
109.80000000000082,110.00000000000082,Schlucken,,,,,,
110.00000000000082,110.20000000000083,pause,,,,,,
110.20000000000083,110.40000000000083,ZungeGegenGaumen,,,,,,
110.40000000000083,110.60000000000083,pause,,,,,,
110.60000000000083,110.80000000000084,Schlucken,,,,,,
110.80000000000084,111.00000000000084,pause,,,,,,
111.00000000000084,111.20000000000084,FussBewegen,,,,,,
111.20000000000084,111.40000000000084,pause,,,,,,
111.40000000000084,111.60000000000085,Schlucken,,,,,,
111.60000000000085,111.80000000000085,pause,,,,,,
111.80000000000085,112.00000000000085,LuftAnhalten,,,,,,
112.00000000000085,112.20000000000086,pause,,,,,,
112.20000000000086,112.40000000000086,ZungeGegenGaumen,,,,,,
112.40000000000086,112.60000000000086,pause,,,,,,
112.60000000000086,112.80000000000086,Schlucken,,,,,,
112.80000000000086,113.00000000000087,pause,,,,,,
113.00000000000087,113.20000000000087,NaseRuempfen,,,,,,
113.20000000000087,113.40000000000087,pause,,,,,,
113.40000000000087,113.60000000000088,ZaehneBeissen,,,,,,
113.60000000000088,113.80000000000088,pause,,,,,,
113.80000000000088,114.00000000000088,FussBewegen,,,,,,
114.00000000000088,114.20000000000088,pause,,,,,,
114.20000000000088,114.40000000000089,Schlucken,,,,,,
114.40000000000089,114.60000000000089,pause,,,,,,
114.60000000000089,114.80000000000089,ZaehneBeissen,,,,,,
114.80000000000089,115.0000000000009,pause,,,,,,
115.0000000000009,115.2000000000009,NaseRuempfen,,,,,,
115.2000000000009,115.4000000000009,pause,,,,,,
115.4000000000009,115.6000000000009,Schlucken,,,,,,
115.6000000000009,115.8000000000009,pause,,,,,,
115.8000000000009,116.00000000000091,ZungeGegenGaumen,,,,,,
116.00000000000091,116.20000000000091,pause,,,,,,
116.20000000000091,116.40000000000092,FussBewegen,,,,,,
116.40000000000092,116.60000000000092,pause,,,,,,
116.60000000000092,116.80000000000092,ZungeGegenGaumen,,,,,,
116.80000000000092,117.00000000000092,pause,,,,,,
117.00000000000092,117.20000000000093,LuftAnhalten,,,,,,
117.20000000000093,117.40000000000093,pause,,,,,,
117.40000000000093,117.60000000000093,FussBewegen,,,,,,
117.60000000000093,117.80000000000094,pause,,,,,,
117.80000000000094,118.00000000000094,FussBewegen,,,,,,
118.00000000000094,118.20000000000094,pause,,,,,,
118.20000000000094,118.40000000000094,LuftAnhalten,,,,,,
118.40000000000094,118.60000000000095,pause,,,,,,
118.60000000000095,118.80000000000095,ZaehneBeissen,,,,,,
118.80000000000095,119.00000000000095,pause,,,,,,
119.00000000000095,119.20000000000095,ZungeGegenGaumen,,,,,,
119.20000000000095,119.40000000000096,pause,,,,,,
119.40000000000096,119.60000000000096,LuftAnhalten,,,,,,
119.60000000000096,119.80000000000096,pause,,,,,,
119.80000000000096,120.00000000000097,FussBewegen,,,,,,
120.00000000000097,120.20000000000097,pause,,,,,,
120.20000000000097,120.40000000000097,FussBewegen,,,,,,
120.40000000000097,120.60000000000097,pause,,,,,,
120.60000000000097,120.80000000000098,ZaehneBeissen,,,,,,
120.80000000000098,121.00000000000098,pause,,,,,,
121.00000000000098,121.20000000000098,LuftAnhalten,,,,,,
121.20000000000098,121.40000000000099,pause,,,,,,
121.40000000000099,121.60000000000099,ZungeGegenGaumen,,,,,,
121.60000000000099,121.80000000000099,pause,,,,,,
121.80000000000099,122.000000000001,NaseRuempfen,,,,,,
122.000000000001,122.200000000001,pause,,,,,,
122.200000000001,122.400000000001,ZungeGegenGaumen,,,,,,
122.400000000001,122.600000000001,pause,,,,,,
122.600000000001,122.800000000001,LuftAnhalten,,,,,,
122.800000000001,123.00000000000101,pause,,,,,,
123.00000000000101,123.20000000000101,LuftAnhalten,,,,,,
123.20000000000101,123.40000000000101,pause,,,,,,
123.40000000000101,123.60000000000102,NaseRuempfen,,,,,,
123.60000000000102,123.80000000000102,pause,,,,,,
123.80000000000102,124.00000000000102,ZaehneBeissen,,,,,,
124.00000000000102,124.20000000000103,pause,,,,,,
124.20000000000103,124.40000000000103,ZungeGegenGaumen,,,,,,
124.40000000000103,124.60000000000103,pause,,,,,,
124.60000000000103,124.80000000000103,NaseRuempfen,,,,,,
124.80000000000103,125.00000000000104,pause,,,,,,
125.00000000000104,125.20000000000104,NaseRuempfen,,,,,,
125.20000000000104,125.40000000000104,pause,,,,,,
125.40000000000104,125.60000000000105,LuftAnhalten,,,,,,
125.60000000000105,125.80000000000105,pause,,,,,,
125.80000000000105,126.00000000000105,FussBewegen,,,,,,
126.00000000000105,126.20000000000105,pause,,,,,,
126.20000000000105,126.40000000000106,NaseRuempfen,,,,,,
126.40000000000106,126.60000000000106,pause,,,,,,
126.60000000000106,126.80000000000106,ZungeGegenGaumen,,,,,,
126.80000000000106,127.00000000000107,pause,,,,,,
127.00000000000107,127.20000000000107,FussBewegen,,,,,,
127.20000000000107,127.40000000000107,pause,,,,,,
127.40000000000107,127.60000000000107,ZungeGegenGaumen,,,,,,
127.60000000000107,127.80000000000108,pause,,,,,,
127.80000000000108,128.00000000000108,NaseRuempfen,,,,,,
128.00000000000108,128.20000000000107,pause,,,,,,
128.20000000000107,128.40000000000106,Schlucken,,,,,,
128.40000000000106,128.60000000000105,pause,,,,,,
128.60000000000105,128.80000000000103,Schlucken,,,,,,
128.80000000000103,129.00000000000102,pause,,,,,,
129.00000000000102,129.200000000001,NaseRuempfen,,,,,,
129.200000000001,129.400000000001,pause,,,,,,
129.400000000001,129.600000000001,ZaehneBeissen,,,,,,
129.600000000001,129.80000000000098,pause,,,,,,
129.80000000000098,130.00000000000097,NaseRuempfen,,,,,,
130.00000000000097,130.20000000000095,pause,,,,,,
130.20000000000095,130.40000000000094,ZungeGegenGaumen,,,,,,
130.40000000000094,130.60000000000093,pause,,,,,,
130.60000000000093,130.80000000000092,FussBewegen,,,,,,
130.80000000000092,131.0000000000009,pause,,,,,,
131.0000000000009,131.2000000000009,NaseRuempfen,,,,,,
131.2000000000009,131.4000000000009,pause,,,,,,
131.4000000000009,131.60000000000088,LuftAnhalten,,,,,,
131.60000000000088,131.80000000000086,pause,,,,,,
131.80000000000086,132.00000000000085,ZungeGegenGaumen,,,,,,
132.00000000000085,132.20000000000084,pause,,,,,,
132.20000000000084,132.40000000000083,ZaehneBeissen,,,,,,
132.40000000000083,132.60000000000082,pause,,,,,,
132.60000000000082,132.8000000000008,Schlucken,,,,,,
132.8000000000008,133.0000000000008,pause,,,,,,
133.0000000000008,133.20000000000078,NaseRuempfen,,,,,,
133.20000000000078,133.40000000000077,pause,,,,,,
133.40000000000077,133.60000000000076,ZaehneBeissen,,,,,,
133.60000000000076,133.80000000000075,pause,,,,,,
133.80000000000075,134.00000000000074,LuftAnhalten,,,,,,
134.00000000000074,134.20000000000073,pause,,,,,,
134.20000000000073,134.40000000000072,NaseRuempfen,,,,,,
134.40000000000072,134.6000000000007,pause,,,,,,
134.6000000000007,134.8000000000007,ZaehneBeissen,,,,,,
134.8000000000007,135.00000000000068,pause,,,,,,
135.00000000000068,135.20000000000067,LuftAnhalten,,,,,,
135.20000000000067,135.40000000000066,pause,,,,,,
135.40000000000066,135.60000000000065,ZungeGegenGaumen,,,,,,
135.60000000000065,135.80000000000064,pause,,,,,,
135.80000000000064,136.00000000000063,FussBewegen,,,,,,
136.00000000000063,136.2000000000006,pause,,,,,,
136.2000000000006,136.4000000000006,Schlucken,,,,,,
136.4000000000006,136.6000000000006,pause,,,,,,
136.6000000000006,136.80000000000058,Schlucken,,,,,,
136.80000000000058,137.00000000000057,pause,,,,,,
137.00000000000057,137.20000000000056,LuftAnhalten,,,,,,
137.20000000000056,137.40000000000055,pause,,,,,,
137.40000000000055,137.60000000000053,ZungeGegenGaumen,,,,,,
137.60000000000053,137.80000000000052,pause,,,,,,
137.80000000000052,138.0000000000005,LuftAnhalten,,,,,,
138.0000000000005,138.2000000000005,pause,,,,,,
138.2000000000005,138.4000000000005,ZaehneBeissen,,,,,,
138.4000000000005,138.60000000000048,pause,,,,,,
138.60000000000048,138.80000000000047,ZungeGegenGaumen,,,,,,
138.80000000000047,139.00000000000045,pause,,,,,,
139.00000000000045,139.20000000000044,ZaehneBeissen,,,,,,
139.20000000000044,139.40000000000043,pause,,,,,,
139.40000000000043,139.60000000000042,ZaehneBeissen,,,,,,
139.60000000000042,139.8000000000004,pause,,,,,,
139.8000000000004,140.0000000000004,ZungeGegenGaumen,,,,,,
140.0000000000004,140.2000000000004,pause,,,,,,
140.2000000000004,140.40000000000038,ZaehneBeissen,,,,,,
140.40000000000038,140.60000000000036,pause,,,,,,
140.60000000000036,140.80000000000035,ZaehneBeissen,,,,,,
140.80000000000035,141.00000000000034,pause,,,,,,
141.00000000000034,141.20000000000033,NaseRuempfen,,,,,,
141.20000000000033,141.40000000000032,pause,,,,,,
141.40000000000032,141.6000000000003,FussBewegen,,,,,,
141.6000000000003,141.8000000000003,pause,,,,,,
141.8000000000003,142.00000000000028,FussBewegen,,,,,,
142.00000000000028,142.20000000000027,pause,,,,,,
142.20000000000027,142.40000000000026,ZungeGegenGaumen,,,,,,
142.40000000000026,142.60000000000025,pause,,,,,,
142.60000000000025,142.80000000000024,Schlucken,,,,,,
142.80000000000024,143.00000000000023,pause,,,,,,
143.00000000000023,143.20000000000022,FussBewegen,,,,,,
143.20000000000022,143.4000000000002,pause,,,,,,
143.4000000000002,143.6000000000002,FussBewegen,,,,,,
143.6000000000002,143.80000000000018,pause,,,,,,
143.80000000000018,144.00000000000017,ZungeGegenGaumen,,,,,,
144.00000000000017,144.20000000000016,pause,,,,,,
144.20000000000016,144.40000000000015,Schlucken,,,,,,
144.40000000000015,144.60000000000014,pause,,,,,,
144.60000000000014,144.80000000000013,ZaehneBeissen,,,,,,
144.80000000000013,145.0000000000001,pause,,,,,,
145.0000000000001,145.2000000000001,NaseRuempfen,,,,,,
145.2000000000001,145.4000000000001,pause,,,,,,
145.4000000000001,145.60000000000008,NaseRuempfen,,,,,,
145.60000000000008,145.80000000000007,pause,,,,,,
145.80000000000007,146.00000000000006,FussBewegen,,,,,,
146.00000000000006,146.20000000000005,pause,,,,,,
146.20000000000005,146.40000000000003,NaseRuempfen,,,,,,
146.40000000000003,146.60000000000002,pause,,,,,,
146.60000000000002,146.8,ZungeGegenGaumen,,,,,,
146.8,147.0,pause,,,,,,
147.0,147.2,LuftAnhalten,,,,,,
147.2,147.39999999999998,pause,,,,,,
147.39999999999998,147.59999999999997,NaseRuempfen,,,,,,
147.59999999999997,147.79999999999995,pause,,,,,,
147.79999999999995,147.99999999999994,ZungeGegenGaumen,,,,,,
147.99999999999994,148.19999999999993,pause,,,,,,
148.19999999999993,148.39999999999992,NaseRuempfen,,,,,,
148.39999999999992,148.5999999999999,pause,,,,,,
148.5999999999999,148.7999999999999,Schlucken,,,,,,
148.7999999999999,148.9999999999999,pause,,,,,,
148.9999999999999,149.19999999999987,ZaehneBeissen,,,,,,
149.19999999999987,149.39999999999986,pause,,,,,,
149.39999999999986,149.59999999999985,LuftAnhalten,,,,,,
149.59999999999985,149.79999999999984,pause,,,,,,
149.79999999999984,149.99999999999983,LuftAnhalten,,,,,,
149.99999999999983,150.19999999999982,pause,,,,,,
150.19999999999982,150.3999999999998,ZungeGegenGaumen,,,,,,
150.3999999999998,150.5999999999998,pause,,,,,,
150.5999999999998,150.79999999999978,LuftAnhalten,,,,,,
150.79999999999978,165.79999999999978,pause_between_trials,,,,,,
165.79999999999978,165.99999999999977,pause,,,,,,
165.99999999999977,166.19999999999976,NaseRuempfen,,,,,,
166.19999999999976,166.39999999999975,pause,,,,,,
166.39999999999975,166.59999999999974,Schlucken,,,,,,
166.59999999999974,166.79999999999973,pause,,,,,,
166.79999999999973,166.99999999999972,ZaehneBeissen,,,,,,
166.99999999999972,167.1999999999997,pause,,,,,,
167.1999999999997,167.3999999999997,ZungeGegenGaumen,,,,,,
167.3999999999997,167.59999999999968,pause,,,,,,
167.59999999999968,167.79999999999967,NaseRuempfen,,,,,,
167.79999999999967,167.99999999999966,pause,,,,,,
167.99999999999966,168.19999999999965,Schlucken,,,,,,
168.19999999999965,168.39999999999964,pause,,,,,,
168.39999999999964,168.59999999999962,FussBewegen,,,,,,
168.59999999999962,168.7999999999996,pause,,,,,,
168.7999999999996,168.9999999999996,LuftAnhalten,,,,,,
168.9999999999996,169.1999999999996,pause,,,,,,
169.1999999999996,169.39999999999958,ZungeGegenGaumen,,,,,,
169.39999999999958,169.59999999999957,pause,,,,,,
169.59999999999957,169.79999999999956,FussBewegen,,,,,,
169.79999999999956,169.99999999999955,pause,,,,,,
169.99999999999955,170.19999999999953,ZungeGegenGaumen,,,,,,
170.19999999999953,170.39999999999952,pause,,,,,,
170.39999999999952,170.5999999999995,LuftAnhalten,,,,,,
170.5999999999995,170.7999999999995,pause,,,,,,
170.7999999999995,170.9999999999995,FussBewegen,,,,,,
170.9999999999995,171.19999999999948,pause,,,,,,
171.19999999999948,171.39999999999947,Schlucken,,,,,,
171.39999999999947,171.59999999999945,pause,,,,,,
171.59999999999945,171.79999999999944,ZaehneBeissen,,,,,,
171.79999999999944,171.99999999999943,pause,,,,,,
171.99999999999943,172.19999999999942,NaseRuempfen,,,,,,
172.19999999999942,172.3999999999994,pause,,,,,,
172.3999999999994,172.5999999999994,ZaehneBeissen,,,,,,
172.5999999999994,172.7999999999994,pause,,,,,,
172.7999999999994,172.99999999999937,NaseRuempfen,,,,,,
172.99999999999937,173.19999999999936,pause,,,,,,
173.19999999999936,173.39999999999935,ZaehneBeissen,,,,,,
173.39999999999935,173.59999999999934,pause,,,,,,
173.59999999999934,173.79999999999933,NaseRuempfen,,,,,,
173.79999999999933,173.99999999999932,pause,,,,,,
173.99999999999932,174.1999999999993,LuftAnhalten,,,,,,
174.1999999999993,174.3999999999993,pause,,,,,,
174.3999999999993,174.59999999999928,NaseRuempfen,,,,,,
174.59999999999928,174.79999999999927,pause,,,,,,
174.79999999999927,174.99999999999926,ZaehneBeissen,,,,,,
174.99999999999926,175.19999999999925,pause,,,,,,
175.19999999999925,175.39999999999924,LuftAnhalten,,,,,,
175.39999999999924,175.59999999999923,pause,,,,,,
175.59999999999923,175.79999999999922,NaseRuempfen,,,,,,
175.79999999999922,175.9999999999992,pause,,,,,,
175.9999999999992,176.1999999999992,FussBewegen,,,,,,
176.1999999999992,176.39999999999918,pause,,,,,,
176.39999999999918,176.59999999999917,Schlucken,,,,,,
176.59999999999917,176.79999999999916,pause,,,,,,
176.79999999999916,176.99999999999915,ZungeGegenGaumen,,,,,,
176.99999999999915,177.19999999999914,pause,,,,,,
177.19999999999914,177.39999999999912,Schlucken,,,,,,
177.39999999999912,177.5999999999991,pause,,,,,,
177.5999999999991,177.7999999999991,Schlucken,,,,,,
177.7999999999991,177.9999999999991,pause,,,,,,
177.9999999999991,178.19999999999908,ZaehneBeissen,,,,,,
178.19999999999908,178.39999999999907,pause,,,,,,
178.39999999999907,178.59999999999906,Schlucken,,,,,,
178.59999999999906,178.79999999999905,pause,,,,,,
178.79999999999905,178.99999999999903,ZaehneBeissen,,,,,,
178.99999999999903,179.19999999999902,pause,,,,,,
179.19999999999902,179.399999999999,LuftAnhalten,,,,,,
179.399999999999,179.599999999999,pause,,,,,,
179.599999999999,179.799999999999,LuftAnhalten,,,,,,
179.799999999999,179.99999999999898,pause,,,,,,
179.99999999999898,180.19999999999897,ZungeGegenGaumen,,,,,,
180.19999999999897,180.39999999999895,pause,,,,,,
180.39999999999895,180.59999999999894,LuftAnhalten,,,,,,
180.59999999999894,180.79999999999893,pause,,,,,,
180.79999999999893,180.99999999999892,NaseRuempfen,,,,,,
180.99999999999892,181.1999999999989,pause,,,,,,
181.1999999999989,181.3999999999989,ZungeGegenGaumen,,,,,,
181.3999999999989,181.5999999999989,pause,,,,,,
181.5999999999989,181.79999999999887,Schlucken,,,,,,
181.79999999999887,181.99999999999886,pause,,,,,,
181.99999999999886,182.19999999999885,NaseRuempfen,,,,,,
182.19999999999885,182.39999999999884,pause,,,,,,
182.39999999999884,182.59999999999883,NaseRuempfen,,,,,,
182.59999999999883,182.79999999999882,pause,,,,,,
182.79999999999882,182.9999999999988,Schlucken,,,,,,
182.9999999999988,183.1999999999988,pause,,,,,,
183.1999999999988,183.39999999999878,Schlucken,,,,,,
183.39999999999878,183.59999999999877,pause,,,,,,
183.59999999999877,183.79999999999876,ZaehneBeissen,,,,,,
183.79999999999876,183.99999999999875,pause,,,,,,
183.99999999999875,184.19999999999874,ZungeGegenGaumen,,,,,,
184.19999999999874,184.39999999999873,pause,,,,,,
184.39999999999873,184.59999999999872,ZaehneBeissen,,,,,,
184.59999999999872,184.7999999999987,pause,,,,,,
184.7999999999987,184.9999999999987,LuftAnhalten,,,,,,
184.9999999999987,185.19999999999868,pause,,,,,,
185.19999999999868,185.39999999999867,ZaehneBeissen,,,,,,
185.39999999999867,185.59999999999866,pause,,,,,,
185.59999999999866,185.79999999999865,LuftAnhalten,,,,,,
185.79999999999865,185.99999999999864,pause,,,,,,
185.99999999999864,186.19999999999862,Schlucken,,,,,,
186.19999999999862,186.3999999999986,pause,,,,,,
186.3999999999986,186.5999999999986,FussBewegen,,,,,,
186.5999999999986,186.7999999999986,pause,,,,,,
186.7999999999986,186.99999999999858,FussBewegen,,,,,,
186.99999999999858,187.19999999999857,pause,,,,,,
187.19999999999857,187.39999999999856,ZungeGegenGaumen,,,,,,
187.39999999999856,187.59999999999854,pause,,,,,,
187.59999999999854,187.79999999999853,FussBewegen,,,,,,
187.79999999999853,187.99999999999852,pause,,,,,,
187.99999999999852,188.1999999999985,LuftAnhalten,,,,,,
188.1999999999985,188.3999999999985,pause,,,,,,
188.3999999999985,188.5999999999985,ZaehneBeissen,,,,,,
188.5999999999985,188.79999999999848,pause,,,,,,
188.79999999999848,188.99999999999847,Schlucken,,,,,,
188.99999999999847,189.19999999999845,pause,,,,,,
189.19999999999845,189.39999999999844,NaseRuempfen,,,,,,
189.39999999999844,189.59999999999843,pause,,,,,,
189.59999999999843,189.79999999999842,ZaehneBeissen,,,,,,
189.79999999999842,189.9999999999984,pause,,,,,,
189.9999999999984,190.1999999999984,NaseRuempfen,,,,,,
190.1999999999984,190.39999999999839,pause,,,,,,
190.39999999999839,190.59999999999837,ZaehneBeissen,,,,,,
190.59999999999837,190.79999999999836,pause,,,,,,
190.79999999999836,190.99999999999835,LuftAnhalten,,,,,,
190.99999999999835,191.19999999999834,pause,,,,,,
191.19999999999834,191.39999999999833,LuftAnhalten,,,,,,
191.39999999999833,191.59999999999832,pause,,,,,,
191.59999999999832,191.7999999999983,NaseRuempfen,,,,,,
191.7999999999983,191.9999999999983,pause,,,,,,
191.9999999999983,192.19999999999828,Schlucken,,,,,,
192.19999999999828,192.39999999999827,pause,,,,,,
192.39999999999827,192.59999999999826,ZungeGegenGaumen,,,,,,
192.59999999999826,192.79999999999825,pause,,,,,,
192.79999999999825,192.99999999999824,ZungeGegenGaumen,,,,,,
192.99999999999824,193.19999999999823,pause,,,,,,
193.19999999999823,193.39999999999822,ZaehneBeissen,,,,,,
193.39999999999822,193.5999999999982,pause,,,,,,
193.5999999999982,193.7999999999982,ZungeGegenGaumen,,,,,,
193.7999999999982,193.99999999999818,pause,,,,,,
193.99999999999818,194.19999999999817,LuftAnhalten,,,,,,
194.19999999999817,194.39999999999816,pause,,,,,,
194.39999999999816,194.59999999999815,LuftAnhalten,,,,,,
194.59999999999815,194.79999999999814,pause,,,,,,
194.79999999999814,194.99999999999812,FussBewegen,,,,,,
194.99999999999812,195.1999999999981,pause,,,,,,
195.1999999999981,195.3999999999981,ZaehneBeissen,,,,,,
195.3999999999981,195.5999999999981,pause,,,,,,
195.5999999999981,195.79999999999808,ZungeGegenGaumen,,,,,,
195.79999999999808,195.99999999999807,pause,,,,,,
195.99999999999807,196.19999999999806,LuftAnhalten,,,,,,
196.19999999999806,196.39999999999804,pause,,,,,,
196.39999999999804,196.59999999999803,Schlucken,,,,,,
196.59999999999803,196.79999999999802,pause,,,,,,
196.79999999999802,196.999999999998,FussBewegen,,,,,,
196.999999999998,197.199999999998,pause,,,,,,
197.199999999998,197.399999999998,FussBewegen,,,,,,
197.399999999998,197.59999999999798,pause,,,,,,
197.59999999999798,197.79999999999797,Schlucken,,,,,,
197.79999999999797,197.99999999999795,pause,,,,,,
197.99999999999795,198.19999999999794,NaseRuempfen,,,,,,
198.19999999999794,198.39999999999793,pause,,,,,,
198.39999999999793,198.59999999999792,ZaehneBeissen,,,,,,
198.59999999999792,198.7999999999979,pause,,,,,,
198.7999999999979,198.9999999999979,Schlucken,,,,,,
198.9999999999979,199.19999999999789,pause,,,,,,
199.19999999999789,199.39999999999787,Schlucken,,,,,,
199.39999999999787,199.59999999999786,pause,,,,,,
199.59999999999786,199.79999999999785,NaseRuempfen,,,,,,
199.79999999999785,199.99999999999784,pause,,,,,,
199.99999999999784,200.19999999999783,FussBewegen,,,,,,
200.19999999999783,200.39999999999782,pause,,,,,,
200.39999999999782,200.5999999999978,ZaehneBeissen,,,,,,
200.5999999999978,200.7999999999978,pause,,,,,,
200.7999999999978,200.99999999999778,FussBewegen,,,,,,
200.99999999999778,201.19999999999777,pause,,,,,,
201.19999999999777,201.39999999999776,ZaehneBeissen,,,,,,
201.39999999999776,201.59999999999775,pause,,,,,,
201.59999999999775,201.79999999999774,FussBewegen,,,,,,
201.79999999999774,201.99999999999773,pause,,,,,,
201.99999999999773,202.19999999999771,LuftAnhalten,,,,,,
202.19999999999771,202.3999999999977,pause,,,,,,
202.3999999999977,202.5999999999977,FussBewegen,,,,,,
202.5999999999977,202.79999999999768,pause,,,,,,
202.79999999999768,202.99999999999767,ZaehneBeissen,,,,,,
202.99999999999767,203.19999999999766,pause,,,,,,
203.19999999999766,203.39999999999765,LuftAnhalten,,,,,,
203.39999999999765,203.59999999999764,pause,,,,,,
203.59999999999764,203.79999999999762,ZungeGegenGaumen,,,,,,
203.79999999999762,203.9999999999976,pause,,,,,,
203.9999999999976,204.1999999999976,Schlucken,,,,,,
204.1999999999976,204.3999999999976,pause,,,,,,
204.3999999999976,204.59999999999758,LuftAnhalten,,,,,,
204.59999999999758,204.79999999999757,pause,,,,,,
204.79999999999757,204.99999999999756,ZungeGegenGaumen,,,,,,
204.99999999999756,205.19999999999754,pause,,,,,,
205.19999999999754,205.39999999999753,ZaehneBeissen,,,,,,
205.39999999999753,205.59999999999752,pause,,,,,,
205.59999999999752,205.7999999999975,ZungeGegenGaumen,,,,,,
205.7999999999975,205.9999999999975,pause,,,,,,
205.9999999999975,206.1999999999975,FussBewegen,,,,,,
206.1999999999975,206.39999999999748,pause,,,,,,
206.39999999999748,206.59999999999746,FussBewegen,,,,,,
206.59999999999746,206.79999999999745,pause,,,,,,
206.79999999999745,206.99999999999744,FussBewegen,,,,,,
206.99999999999744,207.19999999999743,pause,,,,,,
207.19999999999743,207.39999999999742,LuftAnhalten,,,,,,
207.39999999999742,207.5999999999974,pause,,,,,,
207.5999999999974,207.7999999999974,FussBewegen,,,,,,
207.7999999999974,207.99999999999739,pause,,,,,,
207.99999999999739,208.19999999999737,FussBewegen,,,,,,
208.19999999999737,208.39999999999736,pause,,,,,,
208.39999999999736,208.59999999999735,ZaehneBeissen,,,,,,
208.59999999999735,208.79999999999734,pause,,,,,,
208.79999999999734,208.99999999999733,FussBewegen,,,,,,
208.99999999999733,209.19999999999732,pause,,,,,,
209.19999999999732,209.3999999999973,LuftAnhalten,,,,,,
209.3999999999973,209.5999999999973,pause,,,,,,
209.5999999999973,209.79999999999728,Schlucken,,,,,,
209.79999999999728,209.99999999999727,pause,,,,,,
209.99999999999727,210.19999999999726,ZaehneBeissen,,,,,,
210.19999999999726,210.39999999999725,pause,,,,,,
210.39999999999725,210.59999999999724,NaseRuempfen,,,,,,
210.59999999999724,210.79999999999723,pause,,,,,,
210.79999999999723,210.99999999999721,ZungeGegenGaumen,,,,,,
210.99999999999721,211.1999999999972,pause,,,,,,
211.1999999999972,211.3999999999972,Schlucken,,,,,,
211.3999999999972,211.59999999999718,pause,,,,,,
211.59999999999718,211.79999999999717,Schlucken,,,,,,
211.79999999999717,211.99999999999716,pause,,,,,,
211.99999999999716,212.19999999999715,FussBewegen,,,,,,
212.19999999999715,212.39999999999714,pause,,,,,,
212.39999999999714,212.59999999999712,ZaehneBeissen,,,,,,
212.59999999999712,212.7999999999971,pause,,,,,,
212.7999999999971,212.9999999999971,NaseRuempfen,,,,,,
212.9999999999971,213.1999999999971,pause,,,,,,
213.1999999999971,213.39999999999708,NaseRuempfen,,,,,,
213.39999999999708,213.59999999999707,pause,,,,,,
213.59999999999707,213.79999999999706,LuftAnhalten,,,,,,
213.79999999999706,213.99999999999704,pause,,,,,,
213.99999999999704,214.19999999999703,LuftAnhalten,,,,,,
214.19999999999703,214.39999999999702,pause,,,,,,
214.39999999999702,214.599999999997,ZaehneBeissen,,,,,,
214.599999999997,214.799999999997,pause,,,,,,
214.799999999997,214.999999999997,Schlucken,,,,,,
214.999999999997,215.19999999999698,pause,,,,,,
215.19999999999698,215.39999999999696,ZungeGegenGaumen,,,,,,
215.39999999999696,215.59999999999695,pause,,,,,,
215.59999999999695,215.79999999999694,ZaehneBeissen,,,,,,
215.79999999999694,215.99999999999693,pause,,,,,,
215.99999999999693,216.19999999999692,LuftAnhalten,,,,,,
216.19999999999692,216.3999999999969,pause,,,,,,
216.3999999999969,216.5999999999969,NaseRuempfen,,,,,,
216.5999999999969,216.79999999999688,pause,,,,,,
216.79999999999688,216.99999999999687,ZungeGegenGaumen,,,,,,
216.99999999999687,217.19999999999686,pause,,,,,,
217.19999999999686,217.39999999999685,NaseRuempfen,,,,,,
217.39999999999685,217.59999999999684,pause,,,,,,
217.59999999999684,217.79999999999683,ZungeGegenGaumen,,,,,,
217.79999999999683,217.99999999999682,pause,,,,,,
217.99999999999682,218.1999999999968,LuftAnhalten,,,,,,
218.1999999999968,218.3999999999968,pause,,,,,,
218.3999999999968,218.59999999999678,ZaehneBeissen,,,,,,
218.59999999999678,218.79999999999677,pause,,,,,,
218.79999999999677,218.99999999999676,NaseRuempfen,,,,,,
218.99999999999676,219.19999999999675,pause,,,,,,
219.19999999999675,219.39999999999674,Schlucken,,,,,,
219.39999999999674,219.59999999999673,pause,,,,,,
219.59999999999673,219.79999999999671,ZaehneBeissen,,,,,,
219.79999999999671,219.9999999999967,pause,,,,,,
219.9999999999967,220.1999999999967,LuftAnhalten,,,,,,
220.1999999999967,220.39999999999668,pause,,,,,,
220.39999999999668,220.59999999999667,FussBewegen,,,,,,
220.59999999999667,220.79999999999666,pause,,,,,,
220.79999999999666,220.99999999999665,LuftAnhalten,,,,,,
220.99999999999665,221.19999999999663,pause,,,,,,
221.19999999999663,221.39999999999662,ZungeGegenGaumen,,,,,,
221.39999999999662,221.5999999999966,pause,,,,,,
221.5999999999966,221.7999999999966,LuftAnhalten,,,,,,
221.7999999999966,221.9999999999966,pause,,,,,,
221.9999999999966,222.19999999999658,Schlucken,,,,,,
222.19999999999658,222.39999999999657,pause,,,,,,
222.39999999999657,222.59999999999656,ZaehneBeissen,,,,,,
222.59999999999656,222.79999999999654,pause,,,,,,
222.79999999999654,222.99999999999653,ZungeGegenGaumen,,,,,,
222.99999999999653,223.19999999999652,pause,,,,,,
223.19999999999652,223.3999999999965,LuftAnhalten,,,,,,
223.3999999999965,223.5999999999965,pause,,,,,,
223.5999999999965,223.7999999999965,Schlucken,,,,,,
223.7999999999965,223.99999999999648,pause,,,,,,
223.99999999999648,224.19999999999646,LuftAnhalten,,,,,,
224.19999999999646,224.39999999999645,pause,,,,,,
224.39999999999645,224.59999999999644,ZaehneBeissen,,,,,,
224.59999999999644,224.79999999999643,pause,,,,,,
224.79999999999643,224.99999999999642,ZungeGegenGaumen,,,,,,
224.99999999999642,225.1999999999964,pause,,,,,,
225.1999999999964,225.3999999999964,ZaehneBeissen,,,,,,
225.3999999999964,225.59999999999638,pause,,,,,,
225.59999999999638,225.79999999999637,Schlucken,,,,,,
225.79999999999637,225.99999999999636,pause,,,,,,
225.99999999999636,226.19999999999635,LuftAnhalten,,,,,,
226.19999999999635,241.19999999999635,pause_between_trials,,,,,,
241.19999999999635,241.39999999999634,pause,,,,,,
241.39999999999634,241.59999999999633,ZaehneBeissen,,,,,,
241.59999999999633,241.79999999999632,pause,,,,,,
241.79999999999632,241.9999999999963,NaseRuempfen,,,,,,
241.9999999999963,242.1999999999963,pause,,,,,,
242.1999999999963,242.39999999999628,ZungeGegenGaumen,,,,,,
242.39999999999628,242.59999999999627,pause,,,,,,
242.59999999999627,242.79999999999626,ZungeGegenGaumen,,,,,,
242.79999999999626,242.99999999999625,pause,,,,,,
242.99999999999625,243.19999999999624,ZaehneBeissen,,,,,,
243.19999999999624,243.39999999999623,pause,,,,,,
243.39999999999623,243.59999999999621,LuftAnhalten,,,,,,
243.59999999999621,243.7999999999962,pause,,,,,,
243.7999999999962,243.9999999999962,NaseRuempfen,,,,,,
243.9999999999962,244.19999999999618,pause,,,,,,
244.19999999999618,244.39999999999617,ZungeGegenGaumen,,,,,,
244.39999999999617,244.59999999999616,pause,,,,,,
244.59999999999616,244.79999999999615,FussBewegen,,,,,,
244.79999999999615,244.99999999999613,pause,,,,,,
244.99999999999613,245.19999999999612,ZaehneBeissen,,,,,,
245.19999999999612,245.3999999999961,pause,,,,,,
245.3999999999961,245.5999999999961,ZaehneBeissen,,,,,,
245.5999999999961,245.7999999999961,pause,,,,,,
245.7999999999961,245.99999999999608,ZaehneBeissen,,,,,,
245.99999999999608,246.19999999999607,pause,,,,,,
246.19999999999607,246.39999999999606,ZaehneBeissen,,,,,,
246.39999999999606,246.59999999999604,pause,,,,,,
246.59999999999604,246.79999999999603,LuftAnhalten,,,,,,
246.79999999999603,246.99999999999602,pause,,,,,,
246.99999999999602,247.199999999996,Schlucken,,,,,,
247.199999999996,247.399999999996,pause,,,,,,
247.399999999996,247.599999999996,LuftAnhalten,,,,,,
247.599999999996,247.79999999999598,pause,,,,,,
247.79999999999598,247.99999999999596,ZaehneBeissen,,,,,,
247.99999999999596,248.19999999999595,pause,,,,,,
248.19999999999595,248.39999999999594,ZaehneBeissen,,,,,,
248.39999999999594,248.59999999999593,pause,,,,,,
248.59999999999593,248.79999999999592,NaseRuempfen,,,,,,
248.79999999999592,248.9999999999959,pause,,,,,,
248.9999999999959,249.1999999999959,Schlucken,,,,,,
249.1999999999959,249.39999999999588,pause,,,,,,
249.39999999999588,249.59999999999587,LuftAnhalten,,,,,,
249.59999999999587,249.79999999999586,pause,,,,,,
249.79999999999586,249.99999999999585,ZaehneBeissen,,,,,,
249.99999999999585,250.19999999999584,pause,,,,,,
250.19999999999584,250.39999999999583,FussBewegen,,,,,,
250.39999999999583,250.59999999999582,pause,,,,,,
250.59999999999582,250.7999999999958,LuftAnhalten,,,,,,
250.7999999999958,250.9999999999958,pause,,,,,,
250.9999999999958,251.19999999999578,Schlucken,,,,,,
251.19999999999578,251.39999999999577,pause,,,,,,
251.39999999999577,251.59999999999576,Schlucken,,,,,,
251.59999999999576,251.79999999999575,pause,,,,,,
251.79999999999575,251.99999999999574,NaseRuempfen,,,,,,
251.99999999999574,252.19999999999573,pause,,,,,,
252.19999999999573,252.3999999999957,Schlucken,,,,,,
252.3999999999957,252.5999999999957,pause,,,,,,
252.5999999999957,252.7999999999957,ZungeGegenGaumen,,,,,,
252.7999999999957,252.99999999999568,pause,,,,,,
252.99999999999568,253.19999999999567,LuftAnhalten,,,,,,
253.19999999999567,253.39999999999566,pause,,,,,,
253.39999999999566,253.59999999999565,ZaehneBeissen,,,,,,
253.59999999999565,253.79999999999563,pause,,,,,,
253.79999999999563,253.99999999999562,Schlucken,,,,,,
253.99999999999562,254.1999999999956,pause,,,,,,
254.1999999999956,254.3999999999956,ZaehneBeissen,,,,,,
254.3999999999956,254.5999999999956,pause,,,,,,
254.5999999999956,254.79999999999558,Schlucken,,,,,,
254.79999999999558,254.99999999999557,pause,,,,,,
254.99999999999557,255.19999999999555,NaseRuempfen,,,,,,
255.19999999999555,255.39999999999554,pause,,,,,,
255.39999999999554,255.59999999999553,LuftAnhalten,,,,,,
255.59999999999553,255.79999999999552,pause,,,,,,
255.79999999999552,255.9999999999955,ZungeGegenGaumen,,,,,,
255.9999999999955,256.1999999999955,pause,,,,,,
256.1999999999955,256.3999999999955,FussBewegen,,,,,,
256.3999999999955,256.5999999999955,pause,,,,,,
256.5999999999955,256.79999999999546,FussBewegen,,,,,,
256.79999999999546,256.99999999999545,pause,,,,,,
256.99999999999545,257.19999999999544,LuftAnhalten,,,,,,
257.19999999999544,257.39999999999543,pause,,,,,,
257.39999999999543,257.5999999999954,Schlucken,,,,,,
257.5999999999954,257.7999999999954,pause,,,,,,
257.7999999999954,257.9999999999954,LuftAnhalten,,,,,,
257.9999999999954,258.1999999999954,pause,,,,,,
258.1999999999954,258.3999999999954,Schlucken,,,,,,
258.3999999999954,258.59999999999536,pause,,,,,,
258.59999999999536,258.79999999999535,Schlucken,,,,,,
258.79999999999535,258.99999999999534,pause,,,,,,
258.99999999999534,259.1999999999953,FussBewegen,,,,,,
259.1999999999953,259.3999999999953,pause,,,,,,
259.3999999999953,259.5999999999953,ZungeGegenGaumen,,,,,,
259.5999999999953,259.7999999999953,pause,,,,,,
259.7999999999953,259.9999999999953,ZaehneBeissen,,,,,,
259.9999999999953,260.19999999999527,pause,,,,,,
260.19999999999527,260.39999999999526,ZaehneBeissen,,,,,,
260.39999999999526,260.59999999999525,pause,,,,,,
260.59999999999525,260.79999999999524,LuftAnhalten,,,,,,
260.79999999999524,260.9999999999952,pause,,,,,,
260.9999999999952,261.1999999999952,NaseRuempfen,,,,,,
261.1999999999952,261.3999999999952,pause,,,,,,
261.3999999999952,261.5999999999952,FussBewegen,,,,,,
261.5999999999952,261.7999999999952,pause,,,,,,
261.7999999999952,261.99999999999517,LuftAnhalten,,,,,,
261.99999999999517,262.19999999999516,pause,,,,,,
262.19999999999516,262.39999999999515,Schlucken,,,,,,
262.39999999999515,262.59999999999513,pause,,,,,,
262.59999999999513,262.7999999999951,FussBewegen,,,,,,
262.7999999999951,262.9999999999951,pause,,,,,,
262.9999999999951,263.1999999999951,FussBewegen,,,,,,
263.1999999999951,263.3999999999951,pause,,,,,,
263.3999999999951,263.5999999999951,NaseRuempfen,,,,,,
263.5999999999951,263.79999999999507,pause,,,,,,
263.79999999999507,263.99999999999505,Schlucken,,,,,,
263.99999999999505,264.19999999999504,pause,,,,,,
264.19999999999504,264.39999999999503,LuftAnhalten,,,,,,
264.39999999999503,264.599999999995,pause,,,,,,
264.599999999995,264.799999999995,ZaehneBeissen,,,,,,
264.799999999995,264.999999999995,pause,,,,,,
264.999999999995,265.199999999995,NaseRuempfen,,,,,,
265.199999999995,265.399999999995,pause,,,,,,
265.399999999995,265.59999999999496,FussBewegen,,,,,,
265.59999999999496,265.79999999999495,pause,,,,,,
265.79999999999495,265.99999999999494,NaseRuempfen,,,,,,
265.99999999999494,266.19999999999493,pause,,,,,,
266.19999999999493,266.3999999999949,LuftAnhalten,,,,,,
266.3999999999949,266.5999999999949,pause,,,,,,
266.5999999999949,266.7999999999949,Schlucken,,,,,,
266.7999999999949,266.9999999999949,pause,,,,,,
266.9999999999949,267.1999999999949,ZaehneBeissen,,,,,,
267.1999999999949,267.39999999999486,pause,,,,,,
267.39999999999486,267.59999999999485,Schlucken,,,,,,
267.59999999999485,267.79999999999484,pause,,,,,,
267.79999999999484,267.9999999999948,NaseRuempfen,,,,,,
267.9999999999948,268.1999999999948,pause,,,,,,
268.1999999999948,268.3999999999948,NaseRuempfen,,,,,,
268.3999999999948,268.5999999999948,pause,,,,,,
268.5999999999948,268.7999999999948,Schlucken,,,,,,
268.7999999999948,268.99999999999477,pause,,,,,,
268.99999999999477,269.19999999999476,LuftAnhalten,,,,,,
269.19999999999476,269.39999999999475,pause,,,,,,
269.39999999999475,269.59999999999474,ZaehneBeissen,,,,,,
269.59999999999474,269.7999999999947,pause,,,,,,
269.7999999999947,269.9999999999947,LuftAnhalten,,,,,,
269.9999999999947,270.1999999999947,pause,,,,,,
270.1999999999947,270.3999999999947,NaseRuempfen,,,,,,
270.3999999999947,270.5999999999947,pause,,,,,,
270.5999999999947,270.79999999999467,FussBewegen,,,,,,
270.79999999999467,270.99999999999466,pause,,,,,,
270.99999999999466,271.19999999999465,FussBewegen,,,,,,
271.19999999999465,271.39999999999463,pause,,,,,,
271.39999999999463,271.5999999999946,NaseRuempfen,,,,,,
271.5999999999946,271.7999999999946,pause,,,,,,
271.7999999999946,271.9999999999946,Schlucken,,,,,,
271.9999999999946,272.1999999999946,pause,,,,,,
272.1999999999946,272.3999999999946,Schlucken,,,,,,
272.3999999999946,272.59999999999457,pause,,,,,,
272.59999999999457,272.79999999999455,ZungeGegenGaumen,,,,,,
272.79999999999455,272.99999999999454,pause,,,,,,
272.99999999999454,273.19999999999453,Schlucken,,,,,,
273.19999999999453,273.3999999999945,pause,,,,,,
273.3999999999945,273.5999999999945,ZaehneBeissen,,,,,,
273.5999999999945,273.7999999999945,pause,,,,,,
273.7999999999945,273.9999999999945,LuftAnhalten,,,,,,
273.9999999999945,274.1999999999945,pause,,,,,,
274.1999999999945,274.39999999999446,NaseRuempfen,,,,,,
274.39999999999446,274.59999999999445,pause,,,,,,
274.59999999999445,274.79999999999444,LuftAnhalten,,,,,,
274.79999999999444,274.99999999999443,pause,,,,,,
274.99999999999443,275.1999999999944,ZaehneBeissen,,,,,,
275.1999999999944,275.3999999999944,pause,,,,,,
275.3999999999944,275.5999999999944,Schlucken,,,,,,
275.5999999999944,275.7999999999944,pause,,,,,,
275.7999999999944,275.9999999999944,ZungeGegenGaumen,,,,,,
275.9999999999944,276.19999999999436,pause,,,,,,
276.19999999999436,276.39999999999435,LuftAnhalten,,,,,,
276.39999999999435,276.59999999999434,pause,,,,,,
276.59999999999434,276.7999999999943,FussBewegen,,,,,,
276.7999999999943,276.9999999999943,pause,,,,,,
276.9999999999943,277.1999999999943,FussBewegen,,,,,,
277.1999999999943,277.3999999999943,pause,,,,,,
277.3999999999943,277.5999999999943,NaseRuempfen,,,,,,
277.5999999999943,277.79999999999427,pause,,,,,,
277.79999999999427,277.99999999999426,ZungeGegenGaumen,,,,,,
277.99999999999426,278.19999999999425,pause,,,,,,
278.19999999999425,278.39999999999424,LuftAnhalten,,,,,,
278.39999999999424,278.5999999999942,pause,,,,,,
278.5999999999942,278.7999999999942,ZaehneBeissen,,,,,,
278.7999999999942,278.9999999999942,pause,,,,,,
278.9999999999942,279.1999999999942,ZungeGegenGaumen,,,,,,
279.1999999999942,279.3999999999942,pause,,,,,,
279.3999999999942,279.59999999999417,ZungeGegenGaumen,,,,,,
279.59999999999417,279.79999999999416,pause,,,,,,
279.79999999999416,279.99999999999415,ZaehneBeissen,,,,,,
279.99999999999415,280.19999999999413,pause,,,,,,
280.19999999999413,280.3999999999941,Schlucken,,,,,,
280.3999999999941,280.5999999999941,pause,,,,,,
280.5999999999941,280.7999999999941,Schlucken,,,,,,
280.7999999999941,280.9999999999941,pause,,,,,,
280.9999999999941,281.1999999999941,NaseRuempfen,,,,,,
281.1999999999941,281.39999999999407,pause,,,,,,
281.39999999999407,281.59999999999405,Schlucken,,,,,,
281.59999999999405,281.79999999999404,pause,,,,,,
281.79999999999404,281.99999999999403,Schlucken,,,,,,
281.99999999999403,282.199999999994,pause,,,,,,
282.199999999994,282.399999999994,ZungeGegenGaumen,,,,,,
282.399999999994,282.599999999994,pause,,,,,,
282.599999999994,282.799999999994,LuftAnhalten,,,,,,
282.799999999994,282.999999999994,pause,,,,,,
282.999999999994,283.19999999999396,FussBewegen,,,,,,
283.19999999999396,283.39999999999395,pause,,,,,,
283.39999999999395,283.59999999999394,LuftAnhalten,,,,,,
283.59999999999394,283.79999999999393,pause,,,,,,
283.79999999999393,283.9999999999939,ZaehneBeissen,,,,,,
283.9999999999939,284.1999999999939,pause,,,,,,
284.1999999999939,284.3999999999939,LuftAnhalten,,,,,,
284.3999999999939,284.5999999999939,pause,,,,,,
284.5999999999939,284.7999999999939,ZungeGegenGaumen,,,,,,
284.7999999999939,284.99999999999386,pause,,,,,,
284.99999999999386,285.19999999999385,FussBewegen,,,,,,
285.19999999999385,285.39999999999384,pause,,,,,,
285.39999999999384,285.5999999999938,ZungeGegenGaumen,,,,,,
285.5999999999938,285.7999999999938,pause,,,,,,
285.7999999999938,285.9999999999938,NaseRuempfen,,,,,,
285.9999999999938,286.1999999999938,pause,,,,,,
286.1999999999938,286.3999999999938,LuftAnhalten,,,,,,
286.3999999999938,286.59999999999377,pause,,,,,,
286.59999999999377,286.79999999999376,ZungeGegenGaumen,,,,,,
286.79999999999376,286.99999999999375,pause,,,,,,
286.99999999999375,287.19999999999374,NaseRuempfen,,,,,,
287.19999999999374,287.3999999999937,pause,,,,,,
287.3999999999937,287.5999999999937,ZungeGegenGaumen,,,,,,
287.5999999999937,287.7999999999937,pause,,,,,,
287.7999999999937,287.9999999999937,ZungeGegenGaumen,,,,,,
287.9999999999937,288.1999999999937,pause,,,,,,
288.1999999999937,288.39999999999367,Schlucken,,,,,,
288.39999999999367,288.59999999999366,pause,,,,,,
288.59999999999366,288.79999999999364,ZungeGegenGaumen,,,,,,
288.79999999999364,288.99999999999363,pause,,,,,,
288.99999999999363,289.1999999999936,FussBewegen,,,,,,
289.1999999999936,289.3999999999936,pause,,,,,,
289.3999999999936,289.5999999999936,LuftAnhalten,,,,,,
289.5999999999936,289.7999999999936,pause,,,,,,
289.7999999999936,289.9999999999936,FussBewegen,,,,,,
289.9999999999936,290.19999999999357,pause,,,,,,
290.19999999999357,290.39999999999355,ZungeGegenGaumen,,,,,,
290.39999999999355,290.59999999999354,pause,,,,,,
290.59999999999354,290.79999999999353,LuftAnhalten,,,,,,
290.79999999999353,290.9999999999935,pause,,,,,,
290.9999999999935,291.1999999999935,ZungeGegenGaumen,,,,,,
291.1999999999935,291.3999999999935,pause,,,,,,
291.3999999999935,291.5999999999935,ZaehneBeissen,,,,,,
291.5999999999935,291.7999999999935,pause,,,,,,
291.7999999999935,291.99999999999346,Schlucken,,,,,,
291.99999999999346,292.19999999999345,pause,,,,,,
292.19999999999345,292.39999999999344,FussBewegen,,,,,,
292.39999999999344,292.59999999999343,pause,,,,,,
292.59999999999343,292.7999999999934,FussBewegen,,,,,,
292.7999999999934,292.9999999999934,pause,,,,,,
292.9999999999934,293.1999999999934,NaseRuempfen,,,,,,
293.1999999999934,293.3999999999934,pause,,,,,,
293.3999999999934,293.5999999999934,ZaehneBeissen,,,,,,
293.5999999999934,293.79999999999336,pause,,,,,,
293.79999999999336,293.99999999999335,LuftAnhalten,,,,,,
293.99999999999335,294.19999999999334,pause,,,,,,
294.19999999999334,294.3999999999933,FussBewegen,,,,,,
294.3999999999933,294.5999999999933,pause,,,,,,
294.5999999999933,294.7999999999933,LuftAnhalten,,,,,,
294.7999999999933,294.9999999999933,pause,,,,,,
294.9999999999933,295.1999999999933,ZaehneBeissen,,,,,,
295.1999999999933,295.39999999999327,pause,,,,,,
295.39999999999327,295.59999999999326,FussBewegen,,,,,,
295.59999999999326,295.79999999999325,pause,,,,,,
295.79999999999325,295.99999999999324,ZaehneBeissen,,,,,,
295.99999999999324,296.1999999999932,pause,,,,,,
296.1999999999932,296.3999999999932,ZungeGegenGaumen,,,,,,
296.3999999999932,296.5999999999932,pause,,,,,,
296.5999999999932,296.7999999999932,ZungeGegenGaumen,,,,,,
296.7999999999932,296.9999999999932,pause,,,,,,
296.9999999999932,297.19999999999317,LuftAnhalten,,,,,,
297.19999999999317,297.39999999999316,pause,,,,,,
297.39999999999316,297.59999999999314,ZungeGegenGaumen,,,,,,
297.59999999999314,297.79999999999313,pause,,,,,,
297.79999999999313,297.9999999999931,ZungeGegenGaumen,,,,,,
297.9999999999931,298.1999999999931,pause,,,,,,
298.1999999999931,298.3999999999931,Schlucken,,,,,,
298.3999999999931,298.5999999999931,pause,,,,,,
298.5999999999931,298.7999999999931,ZungeGegenGaumen,,,,,,
298.7999999999931,298.99999999999307,pause,,,,,,
298.99999999999307,299.19999999999305,Schlucken,,,,,,
299.19999999999305,299.39999999999304,pause,,,,,,
299.39999999999304,299.59999999999303,LuftAnhalten,,,,,,
299.59999999999303,299.799999999993,pause,,,,,,
299.799999999993,299.999999999993,Schlucken,,,,,,
299.999999999993,300.199999999993,pause,,,,,,
300.199999999993,300.399999999993,ZungeGegenGaumen,,,,,,
300.399999999993,300.599999999993,pause,,,,,,
300.599999999993,300.79999999999296,NaseRuempfen,,,,,,
300.79999999999296,300.99999999999295,pause,,,,,,
300.99999999999295,301.19999999999294,LuftAnhalten,,,,,,
301.19999999999294,301.39999999999293,pause,,,,,,
301.39999999999293,301.5999999999929,ZaehneBeissen,,,,,,
301.5999999999929,316.5999999999929,pause_between_trials,,,,,,
316.5999999999929,316.7999999999929,pause,,,,,,
316.7999999999929,316.9999999999929,NaseRuempfen,,,,,,
316.9999999999929,317.1999999999929,pause,,,,,,
317.1999999999929,317.3999999999929,FussBewegen,,,,,,
317.3999999999929,317.59999999999286,pause,,,,,,
317.59999999999286,317.79999999999285,ZaehneBeissen,,,,,,
317.79999999999285,317.99999999999284,pause,,,,,,
317.99999999999284,318.1999999999928,ZungeGegenGaumen,,,,,,
318.1999999999928,318.3999999999928,pause,,,,,,
318.3999999999928,318.5999999999928,Schlucken,,,,,,
318.5999999999928,318.7999999999928,pause,,,,,,
318.7999999999928,318.9999999999928,ZungeGegenGaumen,,,,,,
318.9999999999928,319.19999999999277,pause,,,,,,
319.19999999999277,319.39999999999276,FussBewegen,,,,,,
319.39999999999276,319.59999999999275,pause,,,,,,
319.59999999999275,319.79999999999274,LuftAnhalten,,,,,,
319.79999999999274,319.9999999999927,pause,,,,,,
319.9999999999927,320.1999999999927,NaseRuempfen,,,,,,
320.1999999999927,320.3999999999927,pause,,,,,,
320.3999999999927,320.5999999999927,ZungeGegenGaumen,,,,,,
320.5999999999927,320.7999999999927,pause,,,,,,
320.7999999999927,320.99999999999267,Schlucken,,,,,,
320.99999999999267,321.19999999999266,pause,,,,,,
321.19999999999266,321.39999999999264,ZungeGegenGaumen,,,,,,
321.39999999999264,321.59999999999263,pause,,,,,,
321.59999999999263,321.7999999999926,ZungeGegenGaumen,,,,,,
321.7999999999926,321.9999999999926,pause,,,,,,
321.9999999999926,322.1999999999926,ZaehneBeissen,,,,,,
322.1999999999926,322.3999999999926,pause,,,,,,
322.3999999999926,322.5999999999926,NaseRuempfen,,,,,,
322.5999999999926,322.79999999999256,pause,,,,,,
322.79999999999256,322.99999999999255,ZaehneBeissen,,,,,,
322.99999999999255,323.19999999999254,pause,,,,,,
323.19999999999254,323.39999999999253,LuftAnhalten,,,,,,
323.39999999999253,323.5999999999925,pause,,,,,,
323.5999999999925,323.7999999999925,NaseRuempfen,,,,,,
323.7999999999925,323.9999999999925,pause,,,,,,
323.9999999999925,324.1999999999925,LuftAnhalten,,,,,,
324.1999999999925,324.3999999999925,pause,,,,,,
324.3999999999925,324.59999999999246,Schlucken,,,,,,
324.59999999999246,324.79999999999245,pause,,,,,,
324.79999999999245,324.99999999999244,NaseRuempfen,,,,,,
324.99999999999244,325.19999999999243,pause,,,,,,
325.19999999999243,325.3999999999924,Schlucken,,,,,,
325.3999999999924,325.5999999999924,pause,,,,,,
325.5999999999924,325.7999999999924,ZungeGegenGaumen,,,,,,
325.7999999999924,325.9999999999924,pause,,,,,,
325.9999999999924,326.1999999999924,ZaehneBeissen,,,,,,
326.1999999999924,326.39999999999236,pause,,,,,,
326.39999999999236,326.59999999999235,ZaehneBeissen,,,,,,
326.59999999999235,326.79999999999234,pause,,,,,,
326.79999999999234,326.9999999999923,ZaehneBeissen,,,,,,
326.9999999999923,327.1999999999923,pause,,,,,,
327.1999999999923,327.3999999999923,ZaehneBeissen,,,,,,
327.3999999999923,327.5999999999923,pause,,,,,,
327.5999999999923,327.7999999999923,NaseRuempfen,,,,,,
327.7999999999923,327.99999999999227,pause,,,,,,
327.99999999999227,328.19999999999226,FussBewegen,,,,,,
328.19999999999226,328.39999999999225,pause,,,,,,
328.39999999999225,328.59999999999224,ZungeGegenGaumen,,,,,,
328.59999999999224,328.7999999999922,pause,,,,,,
328.7999999999922,328.9999999999922,NaseRuempfen,,,,,,
328.9999999999922,329.1999999999922,pause,,,,,,
329.1999999999922,329.3999999999922,Schlucken,,,,,,
329.3999999999922,329.5999999999922,pause,,,,,,
329.5999999999922,329.79999999999217,ZungeGegenGaumen,,,,,,
329.79999999999217,329.99999999999216,pause,,,,,,
329.99999999999216,330.19999999999214,ZungeGegenGaumen,,,,,,
330.19999999999214,330.39999999999213,pause,,,,,,
330.39999999999213,330.5999999999921,LuftAnhalten,,,,,,
330.5999999999921,330.7999999999921,pause,,,,,,
330.7999999999921,330.9999999999921,ZaehneBeissen,,,,,,
330.9999999999921,331.1999999999921,pause,,,,,,
331.1999999999921,331.3999999999921,Schlucken,,,,,,
331.3999999999921,331.59999999999206,pause,,,,,,
331.59999999999206,331.79999999999205,NaseRuempfen,,,,,,
331.79999999999205,331.99999999999204,pause,,,,,,
331.99999999999204,332.19999999999203,FussBewegen,,,,,,
332.19999999999203,332.399999999992,pause,,,,,,
332.399999999992,332.599999999992,LuftAnhalten,,,,,,
332.599999999992,332.799999999992,pause,,,,,,
332.799999999992,332.999999999992,ZaehneBeissen,,,,,,
332.999999999992,333.199999999992,pause,,,,,,
333.199999999992,333.39999999999196,NaseRuempfen,,,,,,
333.39999999999196,333.59999999999195,pause,,,,,,
333.59999999999195,333.79999999999194,FussBewegen,,,,,,
333.79999999999194,333.9999999999919,pause,,,,,,
333.9999999999919,334.1999999999919,ZungeGegenGaumen,,,,,,
334.1999999999919,334.3999999999919,pause,,,,,,
334.3999999999919,334.5999999999919,ZungeGegenGaumen,,,,,,
334.5999999999919,334.7999999999919,pause,,,,,,
334.7999999999919,334.99999999999187,Schlucken,,,,,,
334.99999999999187,335.19999999999186,pause,,,,,,
335.19999999999186,335.39999999999185,NaseRuempfen,,,,,,
335.39999999999185,335.59999999999184,pause,,,,,,
335.59999999999184,335.7999999999918,ZungeGegenGaumen,,,,,,
335.7999999999918,335.9999999999918,pause,,,,,,
335.9999999999918,336.1999999999918,FussBewegen,,,,,,
336.1999999999918,336.3999999999918,pause,,,,,,
336.3999999999918,336.5999999999918,ZungeGegenGaumen,,,,,,
336.5999999999918,336.79999999999177,pause,,,,,,
336.79999999999177,336.99999999999176,LuftAnhalten,,,,,,
336.99999999999176,337.19999999999175,pause,,,,,,
337.19999999999175,337.39999999999173,NaseRuempfen,,,,,,
337.39999999999173,337.5999999999917,pause,,,,,,
337.5999999999917,337.7999999999917,FussBewegen,,,,,,
337.7999999999917,337.9999999999917,pause,,,,,,
337.9999999999917,338.1999999999917,Schlucken,,,,,,
338.1999999999917,338.3999999999917,pause,,,,,,
338.3999999999917,338.59999999999167,FussBewegen,,,,,,
338.59999999999167,338.79999999999166,pause,,,,,,
338.79999999999166,338.99999999999164,Schlucken,,,,,,
338.99999999999164,339.19999999999163,pause,,,,,,
339.19999999999163,339.3999999999916,LuftAnhalten,,,,,,
339.3999999999916,339.5999999999916,pause,,,,,,
339.5999999999916,339.7999999999916,NaseRuempfen,,,,,,
339.7999999999916,339.9999999999916,pause,,,,,,
339.9999999999916,340.1999999999916,FussBewegen,,,,,,
340.1999999999916,340.39999999999156,pause,,,,,,
340.39999999999156,340.59999999999155,ZungeGegenGaumen,,,,,,
340.59999999999155,340.79999999999154,pause,,,,,,
340.79999999999154,340.99999999999153,NaseRuempfen,,,,,,
340.99999999999153,341.1999999999915,pause,,,,,,
341.1999999999915,341.3999999999915,FussBewegen,,,,,,
341.3999999999915,341.5999999999915,pause,,,,,,
341.5999999999915,341.7999999999915,ZaehneBeissen,,,,,,
341.7999999999915,341.9999999999915,pause,,,,,,
341.9999999999915,342.19999999999146,LuftAnhalten,,,,,,
342.19999999999146,342.39999999999145,pause,,,,,,
342.39999999999145,342.59999999999144,ZungeGegenGaumen,,,,,,
342.59999999999144,342.7999999999914,pause,,,,,,
342.7999999999914,342.9999999999914,Schlucken,,,,,,
342.9999999999914,343.1999999999914,pause,,,,,,
343.1999999999914,343.3999999999914,FussBewegen,,,,,,
343.3999999999914,343.5999999999914,pause,,,,,,
343.5999999999914,343.79999999999137,ZungeGegenGaumen,,,,,,
343.79999999999137,343.99999999999136,pause,,,,,,
343.99999999999136,344.19999999999135,ZungeGegenGaumen,,,,,,
344.19999999999135,344.39999999999134,pause,,,,,,
344.39999999999134,344.5999999999913,NaseRuempfen,,,,,,
344.5999999999913,344.7999999999913,pause,,,,,,
344.7999999999913,344.9999999999913,Schlucken,,,,,,
344.9999999999913,345.1999999999913,pause,,,,,,
345.1999999999913,345.3999999999913,ZaehneBeissen,,,,,,
345.3999999999913,345.59999999999127,pause,,,,,,
345.59999999999127,345.79999999999126,NaseRuempfen,,,,,,
345.79999999999126,345.99999999999125,pause,,,,,,
345.99999999999125,346.19999999999123,ZungeGegenGaumen,,,,,,
346.19999999999123,346.3999999999912,pause,,,,,,
346.3999999999912,346.5999999999912,ZungeGegenGaumen,,,,,,
346.5999999999912,346.7999999999912,pause,,,,,,
346.7999999999912,346.9999999999912,FussBewegen,,,,,,
346.9999999999912,347.1999999999912,pause,,,,,,
347.1999999999912,347.39999999999117,LuftAnhalten,,,,,,
347.39999999999117,347.59999999999116,pause,,,,,,
347.59999999999116,347.79999999999114,ZaehneBeissen,,,,,,
347.79999999999114,347.99999999999113,pause,,,,,,
347.99999999999113,348.1999999999911,NaseRuempfen,,,,,,
348.1999999999911,348.3999999999911,pause,,,,,,
348.3999999999911,348.5999999999911,LuftAnhalten,,,,,,
348.5999999999911,348.7999999999911,pause,,,,,,
348.7999999999911,348.9999999999911,FussBewegen,,,,,,
348.9999999999911,349.19999999999106,pause,,,,,,
349.19999999999106,349.39999999999105,ZaehneBeissen,,,,,,
349.39999999999105,349.59999999999104,pause,,,,,,
349.59999999999104,349.79999999999103,FussBewegen,,,,,,
349.79999999999103,349.999999999991,pause,,,,,,
349.999999999991,350.199999999991,Schlucken,,,,,,
350.199999999991,350.399999999991,pause,,,,,,
350.399999999991,350.599999999991,NaseRuempfen,,,,,,
350.599999999991,350.799999999991,pause,,,,,,
350.799999999991,350.99999999999096,ZungeGegenGaumen,,,,,,
350.99999999999096,351.19999999999095,pause,,,,,,
351.19999999999095,351.39999999999094,NaseRuempfen,,,,,,
351.39999999999094,351.5999999999909,pause,,,,,,
351.5999999999909,351.7999999999909,Schlucken,,,,,,
351.7999999999909,351.9999999999909,pause,,,,,,
351.9999999999909,352.1999999999909,ZaehneBeissen,,,,,,
352.1999999999909,352.3999999999909,pause,,,,,,
352.3999999999909,352.59999999999087,FussBewegen,,,,,,
352.59999999999087,352.79999999999086,pause,,,,,,
352.79999999999086,352.99999999999085,LuftAnhalten,,,,,,
352.99999999999085,353.19999999999084,pause,,,,,,
353.19999999999084,353.3999999999908,ZungeGegenGaumen,,,,,,
353.3999999999908,353.5999999999908,pause,,,,,,
353.5999999999908,353.7999999999908,ZaehneBeissen,,,,,,
353.7999999999908,353.9999999999908,pause,,,,,,
353.9999999999908,354.1999999999908,ZungeGegenGaumen,,,,,,
354.1999999999908,354.39999999999077,pause,,,,,,
354.39999999999077,354.59999999999076,NaseRuempfen,,,,,,
354.59999999999076,354.79999999999075,pause,,,,,,
354.79999999999075,354.99999999999073,FussBewegen,,,,,,
354.99999999999073,355.1999999999907,pause,,,,,,
355.1999999999907,355.3999999999907,FussBewegen,,,,,,
355.3999999999907,355.5999999999907,pause,,,,,,
355.5999999999907,355.7999999999907,LuftAnhalten,,,,,,
355.7999999999907,355.9999999999907,pause,,,,,,
355.9999999999907,356.19999999999067,NaseRuempfen,,,,,,
356.19999999999067,356.39999999999065,pause,,,,,,
356.39999999999065,356.59999999999064,FussBewegen,,,,,,
356.59999999999064,356.79999999999063,pause,,,,,,
356.79999999999063,356.9999999999906,ZungeGegenGaumen,,,,,,
356.9999999999906,357.1999999999906,pause,,,,,,
357.1999999999906,357.3999999999906,Schlucken,,,,,,
357.3999999999906,357.5999999999906,pause,,,,,,
357.5999999999906,357.7999999999906,Schlucken,,,,,,
357.7999999999906,357.99999999999056,pause,,,,,,
357.99999999999056,358.19999999999055,LuftAnhalten,,,,,,
358.19999999999055,358.39999999999054,pause,,,,,,
358.39999999999054,358.59999999999053,NaseRuempfen,,,,,,
358.59999999999053,358.7999999999905,pause,,,,,,
358.7999999999905,358.9999999999905,ZaehneBeissen,,,,,,
358.9999999999905,359.1999999999905,pause,,,,,,
359.1999999999905,359.3999999999905,NaseRuempfen,,,,,,
359.3999999999905,359.5999999999905,pause,,,,,,
359.5999999999905,359.79999999999046,LuftAnhalten,,,,,,
359.79999999999046,359.99999999999045,pause,,,,,,
359.99999999999045,360.19999999999044,FussBewegen,,,,,,
360.19999999999044,360.3999999999904,pause,,,,,,
360.3999999999904,360.5999999999904,ZaehneBeissen,,,,,,
360.5999999999904,360.7999999999904,pause,,,,,,
360.7999999999904,360.9999999999904,ZaehneBeissen,,,,,,
360.9999999999904,361.1999999999904,pause,,,,,,
361.1999999999904,361.39999999999037,NaseRuempfen,,,,,,
361.39999999999037,361.59999999999036,pause,,,,,,
361.59999999999036,361.79999999999035,Schlucken,,,,,,
361.79999999999035,361.99999999999034,pause,,,,,,
361.99999999999034,362.1999999999903,LuftAnhalten,,,,,,
362.1999999999903,362.3999999999903,pause,,,,,,
362.3999999999903,362.5999999999903,ZaehneBeissen,,,,,,
362.5999999999903,362.7999999999903,pause,,,,,,
362.7999999999903,362.9999999999903,ZaehneBeissen,,,,,,
362.9999999999903,363.19999999999027,pause,,,,,,
363.19999999999027,363.39999999999026,ZaehneBeissen,,,,,,
363.39999999999026,363.59999999999025,pause,,,,,,
363.59999999999025,363.79999999999023,ZungeGegenGaumen,,,,,,
363.79999999999023,363.9999999999902,pause,,,,,,
363.9999999999902,364.1999999999902,NaseRuempfen,,,,,,
364.1999999999902,364.3999999999902,pause,,,,,,
364.3999999999902,364.5999999999902,FussBewegen,,,,,,
364.5999999999902,364.7999999999902,pause,,,,,,
364.7999999999902,364.99999999999017,NaseRuempfen,,,,,,
364.99999999999017,365.19999999999015,pause,,,,,,
365.19999999999015,365.39999999999014,FussBewegen,,,,,,
365.39999999999014,365.59999999999013,pause,,,,,,
365.59999999999013,365.7999999999901,Schlucken,,,,,,
365.7999999999901,365.9999999999901,pause,,,,,,
365.9999999999901,366.1999999999901,ZungeGegenGaumen,,,,,,
366.1999999999901,366.3999999999901,pause,,,,,,
366.3999999999901,366.5999999999901,LuftAnhalten,,,,,,
366.5999999999901,366.79999999999006,pause,,,,,,
366.79999999999006,366.99999999999005,FussBewegen,,,,,,
366.99999999999005,367.19999999999004,pause,,,,,,
367.19999999999004,367.39999999999003,FussBewegen,,,,,,
367.39999999999003,367.59999999999,pause,,,,,,
367.59999999999,367.79999999999,FussBewegen,,,,,,
367.79999999999,367.99999999999,pause,,,,,,
367.99999999999,368.19999999999,Schlucken,,,,,,
368.19999999999,368.39999999999,pause,,,,,,
368.39999999999,368.59999999998996,NaseRuempfen,,,,,,
368.59999999998996,368.79999999998995,pause,,,,,,
368.79999999998995,368.99999999998994,Schlucken,,,,,,
368.99999999998994,369.1999999999899,pause,,,,,,
369.1999999999899,369.3999999999899,LuftAnhalten,,,,,,
369.3999999999899,369.5999999999899,pause,,,,,,
369.5999999999899,369.7999999999899,Schlucken,,,,,,
369.7999999999899,369.9999999999899,pause,,,,,,
369.9999999999899,370.19999999998987,Schlucken,,,,,,
370.19999999998987,370.39999999998986,pause,,,,,,
370.39999999998986,370.59999999998985,NaseRuempfen,,,,,,
370.59999999998985,370.79999999998984,pause,,,,,,
370.79999999998984,370.9999999999898,Schlucken,,,,,,
370.9999999999898,371.1999999999898,pause,,,,,,
371.1999999999898,371.3999999999898,FussBewegen,,,,,,
371.3999999999898,371.5999999999898,pause,,,,,,
371.5999999999898,371.7999999999898,NaseRuempfen,,,,,,
371.7999999999898,371.99999999998977,pause,,,,,,
371.99999999998977,372.19999999998976,ZaehneBeissen,,,,,,
372.19999999998976,372.39999999998975,pause,,,,,,
372.39999999998975,372.59999999998973,Schlucken,,,,,,
372.59999999998973,372.7999999999897,pause,,,,,,
372.7999999999897,372.9999999999897,ZaehneBeissen,,,,,,
372.9999999999897,373.1999999999897,pause,,,,,,
373.1999999999897,373.3999999999897,NaseRuempfen,,,,,,
373.3999999999897,373.5999999999897,pause,,,,,,
373.5999999999897,373.79999999998967,ZaehneBeissen,,,,,,
373.79999999998967,373.99999999998965,pause,,,,,,
373.99999999998965,374.19999999998964,ZungeGegenGaumen,,,,,,
374.19999999998964,374.39999999998963,pause,,,,,,
374.39999999998963,374.5999999999896,LuftAnhalten,,,,,,
374.5999999999896,374.7999999999896,pause,,,,,,
374.7999999999896,374.9999999999896,ZaehneBeissen,,,,,,
374.9999999999896,375.1999999999896,pause,,,,,,
375.1999999999896,375.3999999999896,FussBewegen,,,,,,
375.3999999999896,375.59999999998956,pause,,,,,,
375.59999999998956,375.79999999998955,NaseRuempfen,,,,,,
375.79999999998955,375.99999999998954,pause,,,,,,
375.99999999998954,376.19999999998953,FussBewegen,,,,,,
376.19999999998953,376.3999999999895,pause,,,,,,
376.3999999999895,376.5999999999895,LuftAnhalten,,,,,,
376.5999999999895,376.7999999999895,pause,,,,,,
376.7999999999895,376.9999999999895,ZungeGegenGaumen,,,,,,
376.9999999999895,391.9999999999895,pause_between_trials,,,,,,
391.9999999999895,392.1999999999895,pause,,,,,,
392.1999999999895,392.39999999998946,Schlucken,,,,,,
392.39999999998946,392.59999999998945,pause,,,,,,
392.59999999998945,392.79999999998944,ZungeGegenGaumen,,,,,,
392.79999999998944,392.9999999999894,pause,,,,,,
392.9999999999894,393.1999999999894,ZungeGegenGaumen,,,,,,
393.1999999999894,393.3999999999894,pause,,,,,,
393.3999999999894,393.5999999999894,ZungeGegenGaumen,,,,,,
393.5999999999894,393.7999999999894,pause,,,,,,
393.7999999999894,393.99999999998937,LuftAnhalten,,,,,,
393.99999999998937,394.19999999998936,pause,,,,,,
394.19999999998936,394.39999999998935,ZaehneBeissen,,,,,,
394.39999999998935,394.59999999998934,pause,,,,,,
394.59999999998934,394.7999999999893,NaseRuempfen,,,,,,
394.7999999999893,394.9999999999893,pause,,,,,,
394.9999999999893,395.1999999999893,FussBewegen,,,,,,
395.1999999999893,395.3999999999893,pause,,,,,,
395.3999999999893,395.5999999999893,Schlucken,,,,,,
395.5999999999893,395.79999999998927,pause,,,,,,
395.79999999998927,395.99999999998926,FussBewegen,,,,,,
395.99999999998926,396.19999999998925,pause,,,,,,
396.19999999998925,396.39999999998923,FussBewegen,,,,,,
396.39999999998923,396.5999999999892,pause,,,,,,
396.5999999999892,396.7999999999892,ZungeGegenGaumen,,,,,,
396.7999999999892,396.9999999999892,pause,,,,,,
396.9999999999892,397.1999999999892,ZungeGegenGaumen,,,,,,
397.1999999999892,397.3999999999892,pause,,,,,,
397.3999999999892,397.59999999998917,Schlucken,,,,,,
397.59999999998917,397.79999999998915,pause,,,,,,
397.79999999998915,397.99999999998914,ZungeGegenGaumen,,,,,,
397.99999999998914,398.19999999998913,pause,,,,,,
398.19999999998913,398.3999999999891,ZungeGegenGaumen,,,,,,
398.3999999999891,398.5999999999891,pause,,,,,,
398.5999999999891,398.7999999999891,Schlucken,,,,,,
398.7999999999891,398.9999999999891,pause,,,,,,
398.9999999999891,399.1999999999891,LuftAnhalten,,,,,,
399.1999999999891,399.39999999998906,pause,,,,,,
399.39999999998906,399.59999999998905,ZungeGegenGaumen,,,,,,
399.59999999998905,399.79999999998904,pause,,,,,,
399.79999999998904,399.99999999998903,Schlucken,,,,,,
399.99999999998903,400.199999999989,pause,,,,,,
400.199999999989,400.399999999989,NaseRuempfen,,,,,,
400.399999999989,400.599999999989,pause,,,,,,
400.599999999989,400.799999999989,FussBewegen,,,,,,
400.799999999989,400.999999999989,pause,,,,,,
400.999999999989,401.19999999998896,ZungeGegenGaumen,,,,,,
401.19999999998896,401.39999999998895,pause,,,,,,
401.39999999998895,401.59999999998894,ZaehneBeissen,,,,,,
401.59999999998894,401.7999999999889,pause,,,,,,
401.7999999999889,401.9999999999889,LuftAnhalten,,,,,,
401.9999999999889,402.1999999999889,pause,,,,,,
402.1999999999889,402.3999999999889,LuftAnhalten,,,,,,
402.3999999999889,402.5999999999889,pause,,,,,,
402.5999999999889,402.79999999998887,FussBewegen,,,,,,
402.79999999998887,402.99999999998886,pause,,,,,,
402.99999999998886,403.19999999998885,FussBewegen,,,,,,
403.19999999998885,403.39999999998884,pause,,,,,,
403.39999999998884,403.5999999999888,Schlucken,,,,,,
403.5999999999888,403.7999999999888,pause,,,,,,
403.7999999999888,403.9999999999888,ZungeGegenGaumen,,,,,,
403.9999999999888,404.1999999999888,pause,,,,,,
404.1999999999888,404.3999999999888,LuftAnhalten,,,,,,
404.3999999999888,404.59999999998877,pause,,,,,,
404.59999999998877,404.79999999998876,Schlucken,,,,,,
404.79999999998876,404.99999999998875,pause,,,,,,
404.99999999998875,405.19999999998873,FussBewegen,,,,,,
405.19999999998873,405.3999999999887,pause,,,,,,
405.3999999999887,405.5999999999887,ZaehneBeissen,,,,,,
405.5999999999887,405.7999999999887,pause,,,,,,
405.7999999999887,405.9999999999887,NaseRuempfen,,,,,,
405.9999999999887,406.1999999999887,pause,,,,,,
406.1999999999887,406.39999999998867,NaseRuempfen,,,,,,
406.39999999998867,406.59999999998865,pause,,,,,,
406.59999999998865,406.79999999998864,ZungeGegenGaumen,,,,,,
406.79999999998864,406.99999999998863,pause,,,,,,
406.99999999998863,407.1999999999886,LuftAnhalten,,,,,,
407.1999999999886,407.3999999999886,pause,,,,,,
407.3999999999886,407.5999999999886,FussBewegen,,,,,,
407.5999999999886,407.7999999999886,pause,,,,,,
407.7999999999886,407.9999999999886,Schlucken,,,,,,
407.9999999999886,408.19999999998856,pause,,,,,,
408.19999999998856,408.39999999998855,FussBewegen,,,,,,
408.39999999998855,408.59999999998854,pause,,,,,,
408.59999999998854,408.79999999998853,Schlucken,,,,,,
408.79999999998853,408.9999999999885,pause,,,,,,
408.9999999999885,409.1999999999885,ZungeGegenGaumen,,,,,,
409.1999999999885,409.3999999999885,pause,,,,,,
409.3999999999885,409.5999999999885,ZaehneBeissen,,,,,,
409.5999999999885,409.7999999999885,pause,,,,,,
409.7999999999885,409.99999999998846,ZungeGegenGaumen,,,,,,
409.99999999998846,410.19999999998845,pause,,,,,,
410.19999999998845,410.39999999998844,FussBewegen,,,,,,
410.39999999998844,410.5999999999884,pause,,,,,,
410.5999999999884,410.7999999999884,Schlucken,,,,,,
410.7999999999884,410.9999999999884,pause,,,,,,
410.9999999999884,411.1999999999884,FussBewegen,,,,,,
411.1999999999884,411.3999999999884,pause,,,,,,
411.3999999999884,411.59999999998837,Schlucken,,,,,,
411.59999999998837,411.79999999998836,pause,,,,,,
411.79999999998836,411.99999999998835,ZaehneBeissen,,,,,,
411.99999999998835,412.19999999998834,pause,,,,,,
412.19999999998834,412.3999999999883,NaseRuempfen,,,,,,
412.3999999999883,412.5999999999883,pause,,,,,,
412.5999999999883,412.7999999999883,NaseRuempfen,,,,,,
412.7999999999883,412.9999999999883,pause,,,,,,
412.9999999999883,413.1999999999883,NaseRuempfen,,,,,,
413.1999999999883,413.39999999998827,pause,,,,,,
413.39999999998827,413.59999999998826,LuftAnhalten,,,,,,
413.59999999998826,413.79999999998824,pause,,,,,,
413.79999999998824,413.99999999998823,LuftAnhalten,,,,,,
413.99999999998823,414.1999999999882,pause,,,,,,
414.1999999999882,414.3999999999882,FussBewegen,,,,,,
414.3999999999882,414.5999999999882,pause,,,,,,
414.5999999999882,414.7999999999882,ZungeGegenGaumen,,,,,,
414.7999999999882,414.9999999999882,pause,,,,,,
414.9999999999882,415.19999999998817,ZaehneBeissen,,,,,,
415.19999999998817,415.39999999998815,pause,,,,,,
415.39999999998815,415.59999999998814,LuftAnhalten,,,,,,
415.59999999998814,415.79999999998813,pause,,,,,,
415.79999999998813,415.9999999999881,Schlucken,,,,,,
415.9999999999881,416.1999999999881,pause,,,,,,
416.1999999999881,416.3999999999881,FussBewegen,,,,,,
416.3999999999881,416.5999999999881,pause,,,,,,
416.5999999999881,416.7999999999881,Schlucken,,,,,,
416.7999999999881,416.99999999998806,pause,,,,,,
416.99999999998806,417.19999999998805,ZaehneBeissen,,,,,,
417.19999999998805,417.39999999998804,pause,,,,,,
417.39999999998804,417.59999999998803,ZaehneBeissen,,,,,,
417.59999999998803,417.799999999988,pause,,,,,,
417.799999999988,417.999999999988,FussBewegen,,,,,,
417.999999999988,418.199999999988,pause,,,,,,
418.199999999988,418.399999999988,ZungeGegenGaumen,,,,,,
418.399999999988,418.599999999988,pause,,,,,,
418.599999999988,418.79999999998796,ZungeGegenGaumen,,,,,,
418.79999999998796,418.99999999998795,pause,,,,,,
418.99999999998795,419.19999999998794,ZaehneBeissen,,,,,,
419.19999999998794,419.3999999999879,pause,,,,,,
419.3999999999879,419.5999999999879,ZaehneBeissen,,,,,,
419.5999999999879,419.7999999999879,pause,,,,,,
419.7999999999879,419.9999999999879,Schlucken,,,,,,
419.9999999999879,420.1999999999879,pause,,,,,,
420.1999999999879,420.39999999998787,LuftAnhalten,,,,,,
420.39999999998787,420.59999999998786,pause,,,,,,
420.59999999998786,420.79999999998785,Schlucken,,,,,,
420.79999999998785,420.99999999998784,pause,,,,,,
420.99999999998784,421.1999999999878,FussBewegen,,,,,,
421.1999999999878,421.3999999999878,pause,,,,,,
421.3999999999878,421.5999999999878,ZungeGegenGaumen,,,,,,
421.5999999999878,421.7999999999878,pause,,,,,,
421.7999999999878,421.9999999999878,LuftAnhalten,,,,,,
421.9999999999878,422.19999999998777,pause,,,,,,
422.19999999998777,422.39999999998776,NaseRuempfen,,,,,,
422.39999999998776,422.59999999998774,pause,,,,,,
422.59999999998774,422.79999999998773,LuftAnhalten,,,,,,
422.79999999998773,422.9999999999877,pause,,,,,,
422.9999999999877,423.1999999999877,Schlucken,,,,,,
423.1999999999877,423.3999999999877,pause,,,,,,
423.3999999999877,423.5999999999877,ZungeGegenGaumen,,,,,,
423.5999999999877,423.7999999999877,pause,,,,,,
423.7999999999877,423.99999999998766,LuftAnhalten,,,,,,
423.99999999998766,424.19999999998765,pause,,,,,,
424.19999999998765,424.39999999998764,FussBewegen,,,,,,
424.39999999998764,424.59999999998763,pause,,,,,,
424.59999999998763,424.7999999999876,ZaehneBeissen,,,,,,
424.7999999999876,424.9999999999876,pause,,,,,,
424.9999999999876,425.1999999999876,FussBewegen,,,,,,
425.1999999999876,425.3999999999876,pause,,,,,,
425.3999999999876,425.5999999999876,Schlucken,,,,,,
425.5999999999876,425.79999999998756,pause,,,,,,
425.79999999998756,425.99999999998755,ZungeGegenGaumen,,,,,,
425.99999999998755,426.19999999998754,pause,,,,,,
426.19999999998754,426.39999999998753,LuftAnhalten,,,,,,
426.39999999998753,426.5999999999875,pause,,,,,,
426.5999999999875,426.7999999999875,Schlucken,,,,,,
426.7999999999875,426.9999999999875,pause,,,,,,
426.9999999999875,427.1999999999875,FussBewegen,,,,,,
427.1999999999875,427.3999999999875,pause,,,,,,
427.3999999999875,427.59999999998746,LuftAnhalten,,,,,,
427.59999999998746,427.79999999998745,pause,,,,,,
427.79999999998745,427.99999999998744,ZaehneBeissen,,,,,,
427.99999999998744,428.1999999999874,pause,,,,,,
428.1999999999874,428.3999999999874,Schlucken,,,,,,
428.3999999999874,428.5999999999874,pause,,,,,,
428.5999999999874,428.7999999999874,ZaehneBeissen,,,,,,
428.7999999999874,428.9999999999874,pause,,,,,,
428.9999999999874,429.19999999998737,ZungeGegenGaumen,,,,,,
429.19999999998737,429.39999999998736,pause,,,,,,
429.39999999998736,429.59999999998735,NaseRuempfen,,,,,,
429.59999999998735,429.79999999998734,pause,,,,,,
429.79999999998734,429.9999999999873,NaseRuempfen,,,,,,
429.9999999999873,430.1999999999873,pause,,,,,,
430.1999999999873,430.3999999999873,ZungeGegenGaumen,,,,,,
430.3999999999873,430.5999999999873,pause,,,,,,
430.5999999999873,430.7999999999873,ZaehneBeissen,,,,,,
430.7999999999873,430.99999999998727,pause,,,,,,
430.99999999998727,431.19999999998726,ZaehneBeissen,,,,,,
431.19999999998726,431.39999999998724,pause,,,,,,
431.39999999998724,431.59999999998723,NaseRuempfen,,,,,,
431.59999999998723,431.7999999999872,pause,,,,,,
431.7999999999872,431.9999999999872,ZungeGegenGaumen,,,,,,
431.9999999999872,432.1999999999872,pause,,,,,,
432.1999999999872,432.3999999999872,ZaehneBeissen,,,,,,
432.3999999999872,432.5999999999872,pause,,,,,,
432.5999999999872,432.79999999998716,Schlucken,,,,,,
432.79999999998716,432.99999999998715,pause,,,,,,
432.99999999998715,433.19999999998714,NaseRuempfen,,,,,,
433.19999999998714,433.39999999998713,pause,,,,,,
433.39999999998713,433.5999999999871,Schlucken,,,,,,
433.5999999999871,433.7999999999871,pause,,,,,,
433.7999999999871,433.9999999999871,FussBewegen,,,,,,
433.9999999999871,434.1999999999871,pause,,,,,,
434.1999999999871,434.3999999999871,Schlucken,,,,,,
434.3999999999871,434.59999999998706,pause,,,,,,
434.59999999998706,434.79999999998705,LuftAnhalten,,,,,,
434.79999999998705,434.99999999998704,pause,,,,,,
434.99999999998704,435.199999999987,ZungeGegenGaumen,,,,,,
435.199999999987,435.399999999987,pause,,,,,,
435.399999999987,435.599999999987,FussBewegen,,,,,,
435.599999999987,435.799999999987,pause,,,,,,
435.799999999987,435.999999999987,Schlucken,,,,,,
435.999999999987,436.19999999998697,pause,,,,,,
436.19999999998697,436.39999999998696,NaseRuempfen,,,,,,
436.39999999998696,436.59999999998695,pause,,,,,,
436.59999999998695,436.79999999998694,NaseRuempfen,,,,,,
436.79999999998694,436.9999999999869,pause,,,,,,
436.9999999999869,437.1999999999869,NaseRuempfen,,,,,,
437.1999999999869,437.3999999999869,pause,,,,,,
437.3999999999869,437.5999999999869,ZaehneBeissen,,,,,,
437.5999999999869,437.7999999999869,pause,,,,,,
437.7999999999869,437.99999999998687,LuftAnhalten,,,,,,
437.99999999998687,438.19999999998686,pause,,,,,,
438.19999999998686,438.39999999998685,NaseRuempfen,,,,,,
438.39999999998685,438.59999999998684,pause,,,,,,
438.59999999998684,438.7999999999868,FussBewegen,,,,,,
438.7999999999868,438.9999999999868,pause,,,,,,
438.9999999999868,439.1999999999868,FussBewegen,,,,,,
439.1999999999868,439.3999999999868,pause,,,,,,
439.3999999999868,439.5999999999868,Schlucken,,,,,,
439.5999999999868,439.79999999998677,pause,,,,,,
439.79999999998677,439.99999999998676,NaseRuempfen,,,,,,
439.99999999998676,440.19999999998674,pause,,,,,,
440.19999999998674,440.39999999998673,ZungeGegenGaumen,,,,,,
440.39999999998673,440.5999999999867,pause,,,,,,
440.5999999999867,440.7999999999867,ZaehneBeissen,,,,,,
440.7999999999867,440.9999999999867,pause,,,,,,
440.9999999999867,441.1999999999867,NaseRuempfen,,,,,,
441.1999999999867,441.3999999999867,pause,,,,,,
441.3999999999867,441.59999999998666,Schlucken,,,,,,
441.59999999998666,441.79999999998665,pause,,,,,,
441.79999999998665,441.99999999998664,ZungeGegenGaumen,,,,,,
441.99999999998664,442.19999999998663,pause,,,,,,
442.19999999998663,442.3999999999866,FussBewegen,,,,,,
442.3999999999866,442.5999999999866,pause,,,,,,
442.5999999999866,442.7999999999866,ZungeGegenGaumen,,,,,,
442.7999999999866,442.9999999999866,pause,,,,,,
442.9999999999866,443.1999999999866,Schlucken,,,,,,
443.1999999999866,443.39999999998656,pause,,,,,,
443.39999999998656,443.59999999998655,LuftAnhalten,,,,,,
443.59999999998655,443.79999999998654,pause,,,,,,
443.79999999998654,443.9999999999865,NaseRuempfen,,,,,,
443.9999999999865,444.1999999999865,pause,,,,,,
444.1999999999865,444.3999999999865,ZaehneBeissen,,,,,,
444.3999999999865,444.5999999999865,pause,,,,,,
444.5999999999865,444.7999999999865,ZungeGegenGaumen,,,,,,
444.7999999999865,444.99999999998647,pause,,,,,,
444.99999999998647,445.19999999998646,NaseRuempfen,,,,,,
445.19999999998646,445.39999999998645,pause,,,,,,
445.39999999998645,445.59999999998644,Schlucken,,,,,,
445.59999999998644,445.7999999999864,pause,,,,,,
445.7999999999864,445.9999999999864,LuftAnhalten,,,,,,
445.9999999999864,446.1999999999864,pause,,,,,,
446.1999999999864,446.3999999999864,ZaehneBeissen,,,,,,
446.3999999999864,446.5999999999864,pause,,,,,,
446.5999999999864,446.79999999998637,ZungeGegenGaumen,,,,,,
446.79999999998637,446.99999999998636,pause,,,,,,
446.99999999998636,447.19999999998635,LuftAnhalten,,,,,,
447.19999999998635,447.39999999998633,pause,,,,,,
447.39999999998633,447.5999999999863,FussBewegen,,,,,,
447.5999999999863,447.7999999999863,pause,,,,,,
447.7999999999863,447.9999999999863,Schlucken,,,,,,
447.9999999999863,448.1999999999863,pause,,,,,,
448.1999999999863,448.3999999999863,LuftAnhalten,,,,,,
448.3999999999863,448.59999999998627,pause,,,,,,
448.59999999998627,448.79999999998626,Schlucken,,,,,,
448.79999999998626,448.99999999998624,pause,,,,,,
448.99999999998624,449.19999999998623,ZaehneBeissen,,,,,,
449.19999999998623,449.3999999999862,pause,,,,,,
449.3999999999862,449.5999999999862,NaseRuempfen,,,,,,
449.5999999999862,449.7999999999862,pause,,,,,,
449.7999999999862,449.9999999999862,ZaehneBeissen,,,,,,
449.9999999999862,450.1999999999862,pause,,,,,,
450.1999999999862,450.39999999998616,LuftAnhalten,,,,,,
450.39999999998616,450.59999999998615,pause,,,,,,
450.59999999998615,450.79999999998614,Schlucken,,,,,,
450.79999999998614,450.99999999998613,pause,,,,,,
450.99999999998613,451.1999999999861,NaseRuempfen,,,,,,
451.1999999999861,451.3999999999861,pause,,,,,,
451.3999999999861,451.5999999999861,NaseRuempfen,,,,,,
451.5999999999861,451.7999999999861,pause,,,,,,
451.7999999999861,451.9999999999861,ZaehneBeissen,,,,,,
451.9999999999861,452.19999999998606,pause,,,,,,
452.19999999998606,452.39999999998605,Schlucken,,,,,,
