start_time,end_time,type
0,0.7,pause
0.7,1.2999999999999998,ForciertesAtmen
1.2999999999999998,1.9999999999999998,pause
1.9999999999999998,2.5999999999999996,Blinzeln
2.5999999999999996,3.3,pause
3.3,3.9,NaseRuempfen
3.9,4.6,pause
4.6,5.199999999999999,FussBewegen
5.199999999999999,5.8999999999999995,pause
5.8999999999999995,6.499999999999999,Blinzeln
6.499999999999999,7.199999999999999,pause
7.199999999999999,7.799999999999999,NaseRuempfen
7.799999999999999,8.499999999999998,pause
8.499999999999998,9.099999999999998,ZungeGegenGaumen
9.099999999999998,9.799999999999997,pause
9.799999999999997,10.399999999999997,Blinzeln
10.399999999999997,11.099999999999996,pause
11.099999999999996,11.699999999999996,ZungeGegenGaumen
11.699999999999996,12.399999999999995,pause
12.399999999999995,12.999999999999995,Schlucken
12.999999999999995,13.699999999999994,pause
13.699999999999994,14.299999999999994,Blinzeln
14.299999999999994,14.999999999999993,pause
14.999999999999993,15.599999999999993,ZaehneBeissen
15.599999999999993,16.299999999999994,pause
16.299999999999994,16.899999999999995,Blinzeln
16.899999999999995,17.599999999999994,pause
17.599999999999994,18.199999999999996,Entspannen
18.199999999999996,18.899999999999995,pause
18.899999999999995,19.499999999999996,FussBewegen
19.499999999999996,20.199999999999996,pause
20.199999999999996,20.799999999999997,Blinzeln
20.799999999999997,21.499999999999996,pause
21.499999999999996,22.099999999999998,ZungeGegenGaumen
22.099999999999998,22.799999999999997,pause
22.799999999999997,23.4,LuftAnhalten
23.4,24.099999999999998,pause
24.099999999999998,24.7,FussBewegen
24.7,25.4,pause
25.4,26.0,FussBewegen
26.0,26.7,pause
26.7,27.3,ForciertesAtmen
27.3,28.0,pause
28.0,28.6,Blinzeln
28.6,29.3,pause
29.3,29.900000000000002,ZungeGegenGaumen
29.900000000000002,30.6,pause
30.6,31.200000000000003,ZungeGegenGaumen
31.200000000000003,31.900000000000002,pause
31.900000000000002,32.5,Blinzeln
32.5,33.2,pause
33.2,33.800000000000004,ForciertesAtmen
33.800000000000004,34.50000000000001,pause
34.50000000000001,35.10000000000001,LuftAnhalten
35.10000000000001,35.80000000000001,pause
35.80000000000001,36.40000000000001,Blinzeln
36.40000000000001,37.100000000000016,pause
37.100000000000016,37.70000000000002,LuftAnhalten
37.70000000000002,38.40000000000002,pause
38.40000000000002,39.00000000000002,FussBewegen
39.00000000000002,39.700000000000024,pause
39.700000000000024,40.300000000000026,ZungeGegenGaumen
40.300000000000026,41.00000000000003,pause
41.00000000000003,41.60000000000003,Blinzeln
41.60000000000003,42.30000000000003,pause
42.30000000000003,42.900000000000034,AugenVerdrehen
42.900000000000034,43.60000000000004,pause
43.60000000000004,44.20000000000004,ForciertesAtmen
44.20000000000004,44.90000000000004,pause
44.90000000000004,45.50000000000004,Blinzeln
45.50000000000004,46.200000000000045,pause
46.200000000000045,46.80000000000005,ForciertesAtmen
46.80000000000005,47.50000000000005,pause
47.50000000000005,48.10000000000005,FussBewegen
48.10000000000005,48.800000000000054,pause
48.800000000000054,49.400000000000055,Blinzeln
49.400000000000055,50.10000000000006,pause
50.10000000000006,50.70000000000006,Entspannen
50.70000000000006,51.40000000000006,pause
51.40000000000006,52.000000000000064,ZaehneBeissen
52.000000000000064,52.70000000000007,pause
52.70000000000007,53.30000000000007,Blinzeln
53.30000000000007,54.00000000000007,pause
54.00000000000007,54.60000000000007,AugenVerdrehen
54.60000000000007,55.300000000000075,pause
55.300000000000075,55.90000000000008,Entspannen
55.90000000000008,56.60000000000008,pause
56.60000000000008,57.20000000000008,ForciertesAtmen
57.20000000000008,57.900000000000084,pause
57.900000000000084,58.500000000000085,Schlucken
58.500000000000085,59.20000000000009,pause
59.20000000000009,59.80000000000009,Blinzeln
59.80000000000009,60.50000000000009,pause
60.50000000000009,61.100000000000094,ZungeGegenGaumen
61.100000000000094,76.1000000000001,pause_between_trials
76.1000000000001,76.8000000000001,pause
76.8000000000001,77.40000000000009,ZaehneBeissen
77.40000000000009,78.1000000000001,pause
78.1000000000001,78.70000000000009,FussBewegen
78.70000000000009,79.40000000000009,pause
79.40000000000009,80.00000000000009,ZaehneBeissen
80.00000000000009,80.70000000000009,pause
80.70000000000009,81.30000000000008,FussBewegen
81.30000000000008,82.00000000000009,pause
82.00000000000009,82.60000000000008,ZaehneBeissen
82.60000000000008,83.30000000000008,pause
83.30000000000008,83.90000000000008,ForciertesAtmen
83.90000000000008,84.60000000000008,pause
84.60000000000008,85.20000000000007,FussBewegen
85.20000000000007,85.90000000000008,pause
85.90000000000008,86.50000000000007,Blinzeln
86.50000000000007,87.20000000000007,pause
87.20000000000007,87.80000000000007,FussBewegen
87.80000000000007,88.50000000000007,pause
88.50000000000007,89.10000000000007,LuftAnhalten
89.10000000000007,89.80000000000007,pause
89.80000000000007,90.40000000000006,ZaehneBeissen
90.40000000000006,91.10000000000007,pause
91.10000000000007,91.70000000000006,ForciertesAtmen
91.70000000000006,92.40000000000006,pause
92.40000000000006,93.00000000000006,Blinzeln
93.00000000000006,93.70000000000006,pause
93.70000000000006,94.30000000000005,LuftAnhalten
94.30000000000005,95.00000000000006,pause
95.00000000000006,95.60000000000005,Blinzeln
95.60000000000005,96.30000000000005,pause
96.30000000000005,96.90000000000005,FussBewegen
96.90000000000005,97.60000000000005,pause
97.60000000000005,98.20000000000005,NaseRuempfen
98.20000000000005,98.90000000000005,pause
98.90000000000005,99.50000000000004,FussBewegen
99.50000000000004,100.20000000000005,pause
100.20000000000005,100.80000000000004,ForciertesAtmen
100.80000000000004,101.50000000000004,pause
101.50000000000004,102.10000000000004,Entspannen
102.10000000000004,102.80000000000004,pause
102.80000000000004,103.40000000000003,ZaehneBeissen
103.40000000000003,104.10000000000004,pause
104.10000000000004,104.70000000000003,FussBewegen
104.70000000000003,105.40000000000003,pause
105.40000000000003,106.00000000000003,ForciertesAtmen
106.00000000000003,106.70000000000003,pause
106.70000000000003,107.30000000000003,FussBewegen
107.30000000000003,108.00000000000003,pause
108.00000000000003,108.60000000000002,ZaehneBeissen
108.60000000000002,109.30000000000003,pause
109.30000000000003,109.90000000000002,AugenVerdrehen
109.90000000000002,110.60000000000002,pause
110.60000000000002,111.20000000000002,LuftAnhalten
111.20000000000002,111.90000000000002,pause
111.90000000000002,112.50000000000001,NaseRuempfen
112.50000000000001,113.20000000000002,pause
113.20000000000002,113.80000000000001,FussBewegen
113.80000000000001,114.50000000000001,pause
114.50000000000001,115.10000000000001,Entspannen
115.10000000000001,115.80000000000001,pause
115.80000000000001,116.4,Entspannen
116.4,117.10000000000001,pause
117.10000000000001,117.7,FussBewegen
117.7,118.4,pause
118.4,119.0,LuftAnhalten
119.0,119.7,pause
119.7,120.3,Entspannen
120.3,121.0,pause
121.0,121.6,LuftAnhalten
121.6,122.3,pause
122.3,122.89999999999999,ZungeGegenGaumen
122.89999999999999,123.6,pause
123.6,124.19999999999999,FussBewegen
124.19999999999999,124.89999999999999,pause
124.89999999999999,125.49999999999999,ZaehneBeissen
125.49999999999999,126.19999999999999,pause
126.19999999999999,126.79999999999998,FussBewegen
126.79999999999998,127.49999999999999,pause
127.49999999999999,128.1,ZungeGegenGaumen
128.1,128.79999999999998,pause
128.79999999999998,129.39999999999998,AugenVerdrehen
129.39999999999998,130.09999999999997,pause
130.09999999999997,130.69999999999996,FussBewegen
130.69999999999996,131.39999999999995,pause
131.39999999999995,131.99999999999994,ZaehneBeissen
131.99999999999994,132.69999999999993,pause
132.69999999999993,133.29999999999993,Blinzeln
133.29999999999993,133.99999999999991,pause
133.99999999999991,134.5999999999999,AugenVerdrehen
134.5999999999999,135.2999999999999,pause
135.2999999999999,135.8999999999999,Blinzeln
135.8999999999999,136.59999999999988,pause
136.59999999999988,137.19999999999987,FussBewegen
137.19999999999987,152.19999999999987,pause_between_trials
152.19999999999987,152.89999999999986,pause
152.89999999999986,153.49999999999986,Blinzeln
153.49999999999986,154.19999999999985,pause
154.19999999999985,154.79999999999984,ZungeGegenGaumen
154.79999999999984,155.49999999999983,pause
155.49999999999983,156.09999999999982,NaseRuempfen
156.09999999999982,156.7999999999998,pause
156.7999999999998,157.3999999999998,ForciertesAtmen
157.3999999999998,158.0999999999998,pause
158.0999999999998,158.6999999999998,ZungeGegenGaumen
158.6999999999998,159.39999999999978,pause
159.39999999999978,159.99999999999977,Blinzeln
159.99999999999977,160.69999999999976,pause
160.69999999999976,161.29999999999976,ZaehneBeissen
161.29999999999976,161.99999999999974,pause
161.99999999999974,162.59999999999974,LuftAnhalten
162.59999999999974,163.29999999999973,pause
163.29999999999973,163.89999999999972,ZaehneBeissen
163.89999999999972,164.5999999999997,pause
164.5999999999997,165.1999999999997,ZungeGegenGaumen
165.1999999999997,165.8999999999997,pause
165.8999999999997,166.4999999999997,ForciertesAtmen
166.4999999999997,167.19999999999968,pause
167.19999999999968,167.79999999999967,Entspannen
167.79999999999967,168.49999999999966,pause
168.49999999999966,169.09999999999965,ZungeGegenGaumen
169.09999999999965,169.79999999999964,pause
169.79999999999964,170.39999999999964,Entspannen
170.39999999999964,171.09999999999962,pause
171.09999999999962,171.69999999999962,ZungeGegenGaumen
171.69999999999962,172.3999999999996,pause
172.3999999999996,172.9999999999996,Blinzeln
172.9999999999996,173.6999999999996,pause
173.6999999999996,174.29999999999959,LuftAnhalten
174.29999999999959,174.99999999999957,pause
174.99999999999957,175.59999999999957,Blinzeln
175.59999999999957,176.29999999999956,pause
176.29999999999956,176.89999999999955,Blinzeln
176.89999999999955,177.59999999999954,pause
177.59999999999954,178.19999999999953,ZungeGegenGaumen
178.19999999999953,178.89999999999952,pause
178.89999999999952,179.49999999999952,AugenVerdrehen
179.49999999999952,180.1999999999995,pause
180.1999999999995,180.7999999999995,ZungeGegenGaumen
180.7999999999995,181.4999999999995,pause
181.4999999999995,182.09999999999948,Blinzeln
182.09999999999948,182.79999999999947,pause
182.79999999999947,183.39999999999947,FussBewegen
183.39999999999947,184.09999999999945,pause
184.09999999999945,184.69999999999945,ZungeGegenGaumen
184.69999999999945,185.39999999999944,pause
185.39999999999944,185.99999999999943,AugenVerdrehen
185.99999999999943,186.69999999999942,pause
186.69999999999942,187.29999999999941,ZungeGegenGaumen
187.29999999999941,187.9999999999994,pause
187.9999999999994,188.5999999999994,Schlucken
188.5999999999994,189.2999999999994,pause
189.2999999999994,189.89999999999938,ZungeGegenGaumen
189.89999999999938,190.59999999999937,pause
190.59999999999937,191.19999999999936,NaseRuempfen
191.19999999999936,191.89999999999935,pause
191.89999999999935,192.49999999999935,Blinzeln
192.49999999999935,193.19999999999933,pause
193.19999999999933,193.79999999999933,ZungeGegenGaumen
193.79999999999933,194.49999999999932,pause
194.49999999999932,195.0999999999993,AugenVerdrehen
195.0999999999993,195.7999999999993,pause
195.7999999999993,196.3999999999993,AugenVerdrehen
196.3999999999993,197.09999999999928,pause
197.09999999999928,197.69999999999928,ForciertesAtmen
197.69999999999928,198.39999999999927,pause
198.39999999999927,198.99999999999926,ForciertesAtmen
198.99999999999926,199.69999999999925,pause
199.69999999999925,200.29999999999924,LuftAnhalten
200.29999999999924,200.99999999999923,pause
200.99999999999923,201.59999999999923,ZungeGegenGaumen
201.59999999999923,202.29999999999922,pause
202.29999999999922,202.8999999999992,NaseRuempfen
202.8999999999992,203.5999999999992,pause
203.5999999999992,204.1999999999992,NaseRuempfen
204.1999999999992,204.89999999999918,pause
204.89999999999918,205.49999999999918,ZungeGegenGaumen
205.49999999999918,206.19999999999916,pause
206.19999999999916,206.79999999999916,Blinzeln
206.79999999999916,207.49999999999915,pause
207.49999999999915,208.09999999999914,ZaehneBeissen
208.09999999999914,208.79999999999913,pause
208.79999999999913,209.39999999999912,ZungeGegenGaumen
209.39999999999912,210.0999999999991,pause
210.0999999999991,210.6999999999991,AugenVerdrehen
210.6999999999991,211.3999999999991,pause
211.3999999999991,211.9999999999991,AugenVerdrehen
211.9999999999991,212.69999999999908,pause
212.69999999999908,213.29999999999907,LuftAnhalten
213.29999999999907,228.29999999999907,pause_between_trials
228.29999999999907,228.99999999999906,pause
228.99999999999906,229.59999999999906,ForciertesAtmen
229.59999999999906,230.29999999999905,pause
230.29999999999905,230.89999999999904,Entspannen
230.89999999999904,231.59999999999903,pause
231.59999999999903,232.19999999999902,ForciertesAtmen
232.19999999999902,232.899999999999,pause
232.899999999999,233.499999999999,ZaehneBeissen
233.499999999999,234.199999999999,pause
234.199999999999,234.799999999999,ZungeGegenGaumen
234.799999999999,235.49999999999898,pause
235.49999999999898,236.09999999999897,Entspannen
236.09999999999897,236.79999999999896,pause
236.79999999999896,237.39999999999895,ForciertesAtmen
237.39999999999895,238.09999999999894,pause
238.09999999999894,238.69999999999894,Schlucken
238.69999999999894,239.39999999999893,pause
239.39999999999893,239.99999999999892,LuftAnhalten
239.99999999999892,240.6999999999989,pause
240.6999999999989,241.2999999999989,Entspannen
241.2999999999989,241.9999999999989,pause
241.9999999999989,242.5999999999989,Blinzeln
242.5999999999989,243.29999999999887,pause
243.29999999999887,243.89999999999887,ForciertesAtmen
243.89999999999887,244.59999999999886,pause
244.59999999999886,245.19999999999885,Schlucken
245.19999999999885,245.89999999999884,pause
245.89999999999884,246.49999999999883,ForciertesAtmen
246.49999999999883,247.19999999999882,pause
247.19999999999882,247.79999999999882,LuftAnhalten
247.79999999999882,248.4999999999988,pause
248.4999999999988,249.0999999999988,Schlucken
249.0999999999988,249.7999999999988,pause
249.7999999999988,250.39999999999878,Entspannen
250.39999999999878,251.09999999999877,pause
251.09999999999877,251.69999999999877,ForciertesAtmen
251.69999999999877,252.39999999999876,pause
252.39999999999876,252.99999999999875,NaseRuempfen
252.99999999999875,253.69999999999874,pause
253.69999999999874,254.29999999999873,LuftAnhalten
254.29999999999873,254.99999999999872,pause
254.99999999999872,255.59999999999872,ForciertesAtmen
255.59999999999872,256.2999999999987,pause
256.2999999999987,256.8999999999987,LuftAnhalten
256.8999999999987,257.5999999999987,pause
257.5999999999987,258.19999999999874,ForciertesAtmen
258.19999999999874,258.8999999999987,pause
258.8999999999987,259.49999999999875,Entspannen
259.49999999999875,260.19999999999874,pause
260.19999999999874,260.79999999999876,LuftAnhalten
260.79999999999876,261.49999999999875,pause
261.49999999999875,262.0999999999988,Schlucken
262.0999999999988,262.79999999999876,pause
262.79999999999876,263.3999999999988,ForciertesAtmen
263.3999999999988,264.0999999999988,pause
264.0999999999988,264.6999999999988,Entspannen
264.6999999999988,265.3999999999988,pause
265.3999999999988,265.9999999999988,LuftAnhalten
265.9999999999988,266.6999999999988,pause
266.6999999999988,267.2999999999988,ZaehneBeissen
267.2999999999988,267.9999999999988,pause
267.9999999999988,268.59999999999883,Schlucken
268.59999999999883,269.2999999999988,pause
269.2999999999988,269.89999999999884,ForciertesAtmen
269.89999999999884,270.59999999999883,pause
270.59999999999883,271.19999999999885,FussBewegen
271.19999999999885,271.89999999999884,pause
271.89999999999884,272.49999999999886,ForciertesAtmen
272.49999999999886,273.19999999999885,pause
273.19999999999885,273.7999999999989,Schlucken
273.7999999999989,274.49999999999886,pause
274.49999999999886,275.0999999999989,AugenVerdrehen
275.0999999999989,275.7999999999989,pause
275.7999999999989,276.3999999999989,Schlucken
276.3999999999989,277.0999999999989,pause
277.0999999999989,277.6999999999989,ForciertesAtmen
277.6999999999989,278.3999999999989,pause
278.3999999999989,278.9999999999989,ZungeGegenGaumen
278.9999999999989,279.6999999999989,pause
279.6999999999989,280.29999999999893,ForciertesAtmen
280.29999999999893,280.9999999999989,pause
280.9999999999989,281.59999999999894,ZaehneBeissen
281.59999999999894,282.29999999999893,pause
282.29999999999893,282.89999999999895,FussBewegen
282.89999999999895,283.59999999999894,pause
283.59999999999894,284.19999999999897,ForciertesAtmen
284.19999999999897,284.89999999999895,pause
284.89999999999895,285.499999999999,AugenVerdrehen
285.499999999999,286.19999999999897,pause
286.19999999999897,286.799999999999,ForciertesAtmen
286.799999999999,287.499999999999,pause
287.499999999999,288.099999999999,Blinzeln
288.099999999999,288.799999999999,pause
288.799999999999,289.399999999999,Entspannen
289.399999999999,304.399999999999,pause_between_trials
304.399999999999,305.099999999999,pause
305.099999999999,305.699999999999,FussBewegen
305.699999999999,306.399999999999,pause
306.399999999999,306.99999999999903,Schlucken
306.99999999999903,307.699999999999,pause
307.699999999999,308.29999999999905,ForciertesAtmen
308.29999999999905,308.99999999999903,pause
308.99999999999903,309.59999999999906,ForciertesAtmen
309.59999999999906,310.29999999999905,pause
310.29999999999905,310.89999999999907,Entspannen
310.89999999999907,311.59999999999906,pause
311.59999999999906,312.1999999999991,ZaehneBeissen
312.1999999999991,312.89999999999907,pause
312.89999999999907,313.4999999999991,Schlucken
313.4999999999991,314.1999999999991,pause
314.1999999999991,314.7999999999991,ZaehneBeissen
314.7999999999991,315.4999999999991,pause
315.4999999999991,316.0999999999991,ZungeGegenGaumen
316.0999999999991,316.7999999999991,pause
316.7999999999991,317.3999999999991,ForciertesAtmen
317.3999999999991,318.0999999999991,pause
318.0999999999991,318.69999999999914,ZaehneBeissen
318.69999999999914,319.3999999999991,pause
319.3999999999991,319.99999999999915,AugenVerdrehen
319.99999999999915,320.69999999999914,pause
320.69999999999914,321.29999999999916,FussBewegen
321.29999999999916,321.99999999999915,pause
321.99999999999915,322.59999999999917,FussBewegen
322.59999999999917,323.29999999999916,pause
323.29999999999916,323.8999999999992,FussBewegen
323.8999999999992,324.59999999999917,pause
324.59999999999917,325.1999999999992,ZaehneBeissen
325.1999999999992,325.8999999999992,pause
325.8999999999992,326.4999999999992,Schlucken
326.4999999999992,327.1999999999992,pause
327.1999999999992,327.7999999999992,Schlucken
327.7999999999992,328.4999999999992,pause
328.4999999999992,329.0999999999992,ZaehneBeissen
329.0999999999992,329.7999999999992,pause
329.7999999999992,330.39999999999924,ForciertesAtmen
330.39999999999924,331.0999999999992,pause
331.0999999999992,331.69999999999925,ZaehneBeissen
331.69999999999925,332.39999999999924,pause
332.39999999999924,332.99999999999926,Blinzeln
332.99999999999926,333.69999999999925,pause
333.69999999999925,334.2999999999993,Entspannen
334.2999999999993,334.99999999999926,pause
334.99999999999926,335.5999999999993,AugenVerdrehen
335.5999999999993,336.2999999999993,pause
336.2999999999993,336.8999999999993,ZaehneBeissen
336.8999999999993,337.5999999999993,pause
337.5999999999993,338.1999999999993,FussBewegen
338.1999999999993,338.8999999999993,pause
338.8999999999993,339.4999999999993,ZaehneBeissen
339.4999999999993,340.1999999999993,pause
340.1999999999993,340.79999999999933,Schlucken
340.79999999999933,341.4999999999993,pause
341.4999999999993,342.09999999999934,Blinzeln
342.09999999999934,342.79999999999933,pause
342.79999999999933,343.39999999999935,ZaehneBeissen
343.39999999999935,344.09999999999934,pause
344.09999999999934,344.69999999999936,Blinzeln
344.69999999999936,345.39999999999935,pause
345.39999999999935,345.9999999999994,ForciertesAtmen
345.9999999999994,346.69999999999936,pause
346.69999999999936,347.2999999999994,Schlucken
347.2999999999994,347.9999999999994,pause
347.9999999999994,348.5999999999994,ZaehneBeissen
348.5999999999994,349.2999999999994,pause
349.2999999999994,349.8999999999994,Entspannen
349.8999999999994,350.5999999999994,pause
350.5999999999994,351.1999999999994,ZaehneBeissen
351.1999999999994,351.8999999999994,pause
351.8999999999994,352.49999999999943,Blinzeln
352.49999999999943,353.1999999999994,pause
353.1999999999994,353.79999999999944,Schlucken
353.79999999999944,354.49999999999943,pause
354.49999999999943,355.09999999999945,FussBewegen
355.09999999999945,355.79999999999944,pause
355.79999999999944,356.39999999999947,ZaehneBeissen
356.39999999999947,357.09999999999945,pause
357.09999999999945,357.6999999999995,Blinzeln
357.6999999999995,358.39999999999947,pause
358.39999999999947,358.9999999999995,ForciertesAtmen
358.9999999999995,359.6999999999995,pause
359.6999999999995,360.2999999999995,Entspannen
360.2999999999995,360.9999999999995,pause
360.9999999999995,361.5999999999995,Blinzeln
361.5999999999995,362.2999999999995,pause
362.2999999999995,362.8999999999995,ZaehneBeissen
362.8999999999995,363.5999999999995,pause
363.5999999999995,364.19999999999953,FussBewegen
364.19999999999953,364.8999999999995,pause
364.8999999999995,365.49999999999955,ZaehneBeissen
365.49999999999955,380.49999999999955,pause_between_trials
380.49999999999955,381.19999999999953,pause
381.19999999999953,381.79999999999956,Entspannen
381.79999999999956,382.49999999999955,pause
382.49999999999955,383.09999999999957,Schlucken
383.09999999999957,383.79999999999956,pause
383.79999999999956,384.3999999999996,AugenVerdrehen
384.3999999999996,385.09999999999957,pause
385.09999999999957,385.6999999999996,LuftAnhalten
385.6999999999996,386.3999999999996,pause
386.3999999999996,386.9999999999996,Schlucken
386.9999999999996,387.6999999999996,pause
387.6999999999996,388.2999999999996,FussBewegen
388.2999999999996,388.9999999999996,pause
388.9999999999996,389.5999999999996,LuftAnhalten
389.5999999999996,390.2999999999996,pause
390.2999999999996,390.89999999999964,AugenVerdrehen
390.89999999999964,391.5999999999996,pause
391.5999999999996,392.19999999999965,Blinzeln
392.19999999999965,392.89999999999964,pause
392.89999999999964,393.49999999999966,AugenVerdrehen
393.49999999999966,394.19999999999965,pause
394.19999999999965,394.79999999999967,ZungeGegenGaumen
394.79999999999967,395.49999999999966,pause
395.49999999999966,396.0999999999997,Entspannen
396.0999999999997,396.79999999999967,pause
396.79999999999967,397.3999999999997,ZaehneBeissen
397.3999999999997,398.0999999999997,pause
398.0999999999997,398.6999999999997,AugenVerdrehen
398.6999999999997,399.3999999999997,pause
399.3999999999997,399.9999999999997,ZungeGegenGaumen
399.9999999999997,400.6999999999997,pause
400.6999999999997,401.2999999999997,LuftAnhalten
401.2999999999997,401.9999999999997,pause
401.9999999999997,402.59999999999974,AugenVerdrehen
402.59999999999974,403.2999999999997,pause
403.2999999999997,403.89999999999975,ZungeGegenGaumen
403.89999999999975,404.59999999999974,pause
404.59999999999974,405.19999999999976,NaseRuempfen
405.19999999999976,405.89999999999975,pause
405.89999999999975,406.4999999999998,Entspannen
406.4999999999998,407.19999999999976,pause
407.19999999999976,407.7999999999998,AugenVerdrehen
407.7999999999998,408.4999999999998,pause
408.4999999999998,409.0999999999998,ZungeGegenGaumen
409.0999999999998,409.7999999999998,pause
409.7999999999998,410.3999999999998,ZungeGegenGaumen
410.3999999999998,411.0999999999998,pause
411.0999999999998,411.6999999999998,AugenVerdrehen
411.6999999999998,412.3999999999998,pause
412.3999999999998,412.99999999999983,ZaehneBeissen
412.99999999999983,413.6999999999998,pause
413.6999999999998,414.29999999999984,NaseRuempfen
414.29999999999984,414.99999999999983,pause
414.99999999999983,415.59999999999985,AugenVerdrehen
415.59999999999985,416.29999999999984,pause
416.29999999999984,416.89999999999986,Blinzeln
416.89999999999986,417.59999999999985,pause
417.59999999999985,418.1999999999999,AugenVerdrehen
418.1999999999999,418.89999999999986,pause
418.89999999999986,419.4999999999999,ZungeGegenGaumen
419.4999999999999,420.1999999999999,pause
420.1999999999999,420.7999999999999,ZaehneBeissen
420.7999999999999,421.4999999999999,pause
421.4999999999999,422.0999999999999,Schlucken
422.0999999999999,422.7999999999999,pause
422.7999999999999,423.3999999999999,AugenVerdrehen
423.3999999999999,424.0999999999999,pause
424.0999999999999,424.69999999999993,FussBewegen
424.69999999999993,425.3999999999999,pause
425.3999999999999,425.99999999999994,NaseRuempfen
425.99999999999994,426.69999999999993,pause
426.69999999999993,427.29999999999995,LuftAnhalten
427.29999999999995,427.99999999999994,pause
427.99999999999994,428.59999999999997,ForciertesAtmen
428.59999999999997,429.29999999999995,pause
429.29999999999995,429.9,Schlucken
429.9,430.59999999999997,pause
430.59999999999997,431.2,AugenVerdrehen
431.2,431.9,pause
431.9,432.5,Schlucken
432.5,433.2,pause
433.2,433.8,AugenVerdrehen
433.8,434.5,pause
434.5,435.1,NaseRuempfen
435.1,435.8,pause
435.8,436.40000000000003,Entspannen
436.40000000000003,437.1,pause
437.1,437.70000000000005,AugenVerdrehen
437.70000000000005,438.40000000000003,pause
438.40000000000003,439.00000000000006,Schlucken
439.00000000000006,439.70000000000005,pause
439.70000000000005,440.30000000000007,AugenVerdrehen
440.30000000000007,441.00000000000006,pause
441.00000000000006,441.6000000000001,ForciertesAtmen
441.6000000000001,456.6000000000001,pause_between_trials
456.6000000000001,457.30000000000007,pause
457.30000000000007,457.9000000000001,ZungeGegenGaumen
457.9000000000001,458.6000000000001,pause
458.6000000000001,459.2000000000001,FussBewegen
459.2000000000001,459.9000000000001,pause
459.9000000000001,460.5000000000001,ZungeGegenGaumen
460.5000000000001,461.2000000000001,pause
461.2000000000001,461.8000000000001,LuftAnhalten
461.8000000000001,462.5000000000001,pause
462.5000000000001,463.10000000000014,NaseRuempfen
463.10000000000014,463.8000000000001,pause
463.8000000000001,464.40000000000015,Blinzeln
464.40000000000015,465.10000000000014,pause
465.10000000000014,465.70000000000016,LuftAnhalten
465.70000000000016,466.40000000000015,pause
466.40000000000015,467.00000000000017,Blinzeln
467.00000000000017,467.70000000000016,pause
467.70000000000016,468.3000000000002,LuftAnhalten
468.3000000000002,469.00000000000017,pause
469.00000000000017,469.6000000000002,NaseRuempfen
469.6000000000002,470.3000000000002,pause
470.3000000000002,470.9000000000002,LuftAnhalten
470.9000000000002,471.6000000000002,pause
471.6000000000002,472.2000000000002,ZaehneBeissen
472.2000000000002,472.9000000000002,pause
472.9000000000002,473.5000000000002,ZaehneBeissen
473.5000000000002,474.2000000000002,pause
474.2000000000002,474.80000000000024,LuftAnhalten
474.80000000000024,475.5000000000002,pause
475.5000000000002,476.10000000000025,ForciertesAtmen
476.10000000000025,476.80000000000024,pause
476.80000000000024,477.40000000000026,ZungeGegenGaumen
477.40000000000026,478.10000000000025,pause
478.10000000000025,478.7000000000003,Entspannen
478.7000000000003,479.40000000000026,pause
479.40000000000026,480.0000000000003,ZaehneBeissen
480.0000000000003,480.7000000000003,pause
480.7000000000003,481.3000000000003,NaseRuempfen
481.3000000000003,482.0000000000003,pause
482.0000000000003,482.6000000000003,LuftAnhalten
482.6000000000003,483.3000000000003,pause
483.3000000000003,483.9000000000003,FussBewegen
483.9000000000003,484.6000000000003,pause
484.6000000000003,485.20000000000033,AugenVerdrehen
485.20000000000033,485.9000000000003,pause
485.9000000000003,486.50000000000034,LuftAnhalten
486.50000000000034,487.20000000000033,pause
487.20000000000033,487.80000000000035,NaseRuempfen
487.80000000000035,488.50000000000034,pause
488.50000000000034,489.10000000000036,ZungeGegenGaumen
489.10000000000036,489.80000000000035,pause
489.80000000000035,490.4000000000004,LuftAnhalten
490.4000000000004,491.10000000000036,pause
491.10000000000036,491.7000000000004,Entspannen
491.7000000000004,492.4000000000004,pause
492.4000000000004,493.0000000000004,ForciertesAtmen
493.0000000000004,493.7000000000004,pause
493.7000000000004,494.3000000000004,ZaehneBeissen
494.3000000000004,495.0000000000004,pause
495.0000000000004,495.6000000000004,LuftAnhalten
495.6000000000004,496.3000000000004,pause
496.3000000000004,496.90000000000043,ForciertesAtmen
496.90000000000043,497.6000000000004,pause
497.6000000000004,498.20000000000044,Schlucken
498.20000000000044,498.90000000000043,pause
498.90000000000043,499.50000000000045,LuftAnhalten
499.50000000000045,500.20000000000044,pause
500.20000000000044,500.80000000000047,ZaehneBeissen
500.80000000000047,501.50000000000045,pause
501.50000000000045,502.1000000000005,ZungeGegenGaumen
502.1000000000005,502.80000000000047,pause
502.80000000000047,503.4000000000005,LuftAnhalten
503.4000000000005,504.1000000000005,pause
504.1000000000005,504.7000000000005,ZaehneBeissen
504.7000000000005,505.4000000000005,pause
505.4000000000005,506.0000000000005,Entspannen
506.0000000000005,506.7000000000005,pause
506.7000000000005,507.3000000000005,FussBewegen
507.3000000000005,508.0000000000005,pause
508.0000000000005,508.60000000000053,LuftAnhalten
508.60000000000053,509.3000000000005,pause
509.3000000000005,509.90000000000055,ZaehneBeissen
509.90000000000055,510.60000000000053,pause
510.60000000000053,511.20000000000056,LuftAnhalten
511.20000000000056,511.90000000000055,pause
511.90000000000055,512.5000000000006,Entspannen
512.5000000000006,513.2000000000006,pause
513.2000000000006,513.8000000000006,FussBewegen
513.8000000000006,514.5000000000007,pause
514.5000000000007,515.1000000000007,NaseRuempfen
515.1000000000007,515.8000000000008,pause
515.8000000000008,516.4000000000008,LuftAnhalten
516.4000000000008,517.1000000000008,pause
517.1000000000008,517.7000000000008,AugenVerdrehen
517.7000000000008,532.7000000000008,pause_between_trials
532.7000000000008,533.4000000000009,pause
533.4000000000009,534.0000000000009,AugenVerdrehen
534.0000000000009,534.700000000001,pause
534.700000000001,535.300000000001,Entspannen
535.300000000001,536.000000000001,pause
536.000000000001,536.600000000001,NaseRuempfen
536.600000000001,537.3000000000011,pause
537.3000000000011,537.9000000000011,ForciertesAtmen
537.9000000000011,538.6000000000012,pause
538.6000000000012,539.2000000000012,NaseRuempfen
539.2000000000012,539.9000000000012,pause
539.9000000000012,540.5000000000013,ForciertesAtmen
540.5000000000013,541.2000000000013,pause
541.2000000000013,541.8000000000013,FussBewegen
541.8000000000013,542.5000000000014,pause
542.5000000000014,543.1000000000014,FussBewegen
543.1000000000014,543.8000000000014,pause
543.8000000000014,544.4000000000015,NaseRuempfen
544.4000000000015,545.1000000000015,pause
545.1000000000015,545.7000000000015,ZungeGegenGaumen
545.7000000000015,546.4000000000016,pause
546.4000000000016,547.0000000000016,LuftAnhalten
547.0000000000016,547.7000000000016,pause
547.7000000000016,548.3000000000017,NaseRuempfen
548.3000000000017,549.0000000000017,pause
549.0000000000017,549.6000000000017,Schlucken
549.6000000000017,550.3000000000018,pause
550.3000000000018,550.9000000000018,NaseRuempfen
550.9000000000018,551.6000000000018,pause
551.6000000000018,552.2000000000019,Schlucken
552.2000000000019,552.9000000000019,pause
552.9000000000019,553.5000000000019,ForciertesAtmen
553.5000000000019,554.200000000002,pause
554.200000000002,554.800000000002,NaseRuempfen
554.800000000002,555.500000000002,pause
555.500000000002,556.1000000000021,Blinzeln
556.1000000000021,556.8000000000021,pause
556.8000000000021,557.4000000000021,ZungeGegenGaumen
557.4000000000021,558.1000000000022,pause
558.1000000000022,558.7000000000022,ForciertesAtmen
558.7000000000022,559.4000000000023,pause
559.4000000000023,560.0000000000023,Blinzeln
560.0000000000023,560.7000000000023,pause
560.7000000000023,561.3000000000023,Entspannen
561.3000000000023,562.0000000000024,pause
562.0000000000024,562.6000000000024,Entspannen
562.6000000000024,563.3000000000025,pause
563.3000000000025,563.9000000000025,NaseRuempfen
563.9000000000025,564.6000000000025,pause
564.6000000000025,565.2000000000025,ZungeGegenGaumen
565.2000000000025,565.9000000000026,pause
565.9000000000026,566.5000000000026,NaseRuempfen
566.5000000000026,567.2000000000027,pause
567.2000000000027,567.8000000000027,ZaehneBeissen
567.8000000000027,568.5000000000027,pause
568.5000000000027,569.1000000000028,LuftAnhalten
569.1000000000028,569.8000000000028,pause
569.8000000000028,570.4000000000028,AugenVerdrehen
570.4000000000028,571.1000000000029,pause
571.1000000000029,571.7000000000029,NaseRuempfen
571.7000000000029,572.4000000000029,pause
572.4000000000029,573.000000000003,ZungeGegenGaumen
573.000000000003,573.700000000003,pause
573.700000000003,574.300000000003,Blinzeln
574.300000000003,575.0000000000031,pause
575.0000000000031,575.6000000000031,Schlucken
575.6000000000031,576.3000000000031,pause
576.3000000000031,576.9000000000032,NaseRuempfen
576.9000000000032,577.6000000000032,pause
577.6000000000032,578.2000000000032,Blinzeln
578.2000000000032,578.9000000000033,pause
578.9000000000033,579.5000000000033,NaseRuempfen
579.5000000000033,580.2000000000033,pause
580.2000000000033,580.8000000000034,ForciertesAtmen
580.8000000000034,581.5000000000034,pause
581.5000000000034,582.1000000000034,ZungeGegenGaumen
582.1000000000034,582.8000000000035,pause
582.8000000000035,583.4000000000035,Schlucken
583.4000000000035,584.1000000000035,pause
584.1000000000035,584.7000000000036,NaseRuempfen
584.7000000000036,585.4000000000036,pause
585.4000000000036,586.0000000000036,ZaehneBeissen
586.0000000000036,586.7000000000037,pause
586.7000000000037,587.3000000000037,AugenVerdrehen
587.3000000000037,588.0000000000038,pause
588.0000000000038,588.6000000000038,Entspannen
588.6000000000038,589.3000000000038,pause
589.3000000000038,589.9000000000038,LuftAnhalten
589.9000000000038,590.6000000000039,pause
590.6000000000039,591.2000000000039,NaseRuempfen
591.2000000000039,591.900000000004,pause
591.900000000004,592.500000000004,ZaehneBeissen
592.500000000004,593.200000000004,pause
593.200000000004,593.800000000004,AugenVerdrehen
593.800000000004,608.800000000004,pause_between_trials
608.800000000004,609.5000000000041,pause
609.5000000000041,610.1000000000041,Schlucken
610.1000000000041,610.8000000000042,pause
610.8000000000042,611.4000000000042,AugenVerdrehen
611.4000000000042,612.1000000000042,pause
612.1000000000042,612.7000000000043,Schlucken
612.7000000000043,613.4000000000043,pause
613.4000000000043,614.0000000000043,FussBewegen
614.0000000000043,614.7000000000044,pause
614.7000000000044,615.3000000000044,NaseRuempfen
615.3000000000044,616.0000000000044,pause
616.0000000000044,616.6000000000045,Entspannen
616.6000000000045,617.3000000000045,pause
617.3000000000045,617.9000000000045,Schlucken
617.9000000000045,618.6000000000046,pause
618.6000000000046,619.2000000000046,ZungeGegenGaumen
619.2000000000046,619.9000000000046,pause
619.9000000000046,620.5000000000047,Schlucken
620.5000000000047,621.2000000000047,pause
621.2000000000047,621.8000000000047,Entspannen
621.8000000000047,622.5000000000048,pause
622.5000000000048,623.1000000000048,FussBewegen
623.1000000000048,623.8000000000048,pause
623.8000000000048,624.4000000000049,ForciertesAtmen
624.4000000000049,625.1000000000049,pause
625.1000000000049,625.7000000000049,Schlucken
625.7000000000049,626.400000000005,pause
626.400000000005,627.000000000005,FussBewegen
627.000000000005,627.700000000005,pause
627.700000000005,628.3000000000051,Entspannen
628.3000000000051,629.0000000000051,pause
629.0000000000051,629.6000000000051,NaseRuempfen
629.6000000000051,630.3000000000052,pause
630.3000000000052,630.9000000000052,Schlucken
630.9000000000052,631.6000000000053,pause
631.6000000000053,632.2000000000053,NaseRuempfen
632.2000000000053,632.9000000000053,pause
632.9000000000053,633.5000000000053,Schlucken
633.5000000000053,634.2000000000054,pause
634.2000000000054,634.8000000000054,ForciertesAtmen
634.8000000000054,635.5000000000055,pause
635.5000000000055,636.1000000000055,ZungeGegenGaumen
636.1000000000055,636.8000000000055,pause
636.8000000000055,637.4000000000055,FussBewegen
637.4000000000055,638.1000000000056,pause
638.1000000000056,638.7000000000056,Schlucken
638.7000000000056,639.4000000000057,pause
639.4000000000057,640.0000000000057,NaseRuempfen
640.0000000000057,640.7000000000057,pause
640.7000000000057,641.3000000000058,ZaehneBeissen
641.3000000000058,642.0000000000058,pause
642.0000000000058,642.6000000000058,Schlucken
642.6000000000058,643.3000000000059,pause
643.3000000000059,643.9000000000059,ForciertesAtmen
643.9000000000059,644.6000000000059,pause
644.6000000000059,645.200000000006,Schlucken
645.200000000006,645.900000000006,pause
645.900000000006,646.500000000006,AugenVerdrehen
646.500000000006,647.2000000000061,pause
647.2000000000061,647.8000000000061,FussBewegen
647.8000000000061,648.5000000000061,pause
648.5000000000061,649.1000000000062,ZaehneBeissen
649.1000000000062,649.8000000000062,pause
649.8000000000062,650.4000000000062,Schlucken
650.4000000000062,651.1000000000063,pause
651.1000000000063,651.7000000000063,Blinzeln
651.7000000000063,652.4000000000063,pause
652.4000000000063,653.0000000000064,ZaehneBeissen
653.0000000000064,653.7000000000064,pause
653.7000000000064,654.3000000000064,LuftAnhalten
654.3000000000064,655.0000000000065,pause
655.0000000000065,655.6000000000065,ZungeGegenGaumen
655.6000000000065,656.3000000000065,pause
656.3000000000065,656.9000000000066,Schlucken
656.9000000000066,657.6000000000066,pause
657.6000000000066,658.2000000000066,FussBewegen
658.2000000000066,658.9000000000067,pause
658.9000000000067,659.5000000000067,Schlucken
659.5000000000067,660.2000000000068,pause
660.2000000000068,660.8000000000068,AugenVerdrehen
660.8000000000068,661.5000000000068,pause
661.5000000000068,662.1000000000068,FussBewegen
662.1000000000068,662.8000000000069,pause
662.8000000000069,663.4000000000069,Schlucken
663.4000000000069,664.100000000007,pause
664.100000000007,664.700000000007,ZungeGegenGaumen
664.700000000007,665.400000000007,pause
665.400000000007,666.000000000007,NaseRuempfen
666.000000000007,666.7000000000071,pause
666.7000000000071,667.3000000000071,Schlucken
667.3000000000071,668.0000000000072,pause
668.0000000000072,668.6000000000072,ForciertesAtmen
668.6000000000072,669.3000000000072,pause
669.3000000000072,669.9000000000073,NaseRuempfen
669.9000000000073,684.9000000000073,pause_between_trials
684.9000000000073,685.6000000000073,pause
685.6000000000073,686.2000000000073,AugenVerdrehen
686.2000000000073,686.9000000000074,pause
686.9000000000074,687.5000000000074,ZungeGegenGaumen
687.5000000000074,688.2000000000074,pause
688.2000000000074,688.8000000000075,Entspannen
688.8000000000075,689.5000000000075,pause
689.5000000000075,690.1000000000075,ForciertesAtmen
690.1000000000075,690.8000000000076,pause
690.8000000000076,691.4000000000076,FussBewegen
691.4000000000076,692.1000000000076,pause
692.1000000000076,692.7000000000077,Entspannen
692.7000000000077,693.4000000000077,pause
693.4000000000077,694.0000000000077,ForciertesAtmen
694.0000000000077,694.7000000000078,pause
694.7000000000078,695.3000000000078,Entspannen
695.3000000000078,696.0000000000078,pause
696.0000000000078,696.6000000000079,Schlucken
696.6000000000079,697.3000000000079,pause
697.3000000000079,697.9000000000079,NaseRuempfen
697.9000000000079,698.600000000008,pause
698.600000000008,699.200000000008,NaseRuempfen
699.200000000008,699.900000000008,pause
699.900000000008,700.5000000000081,ForciertesAtmen
700.5000000000081,701.2000000000081,pause
701.2000000000081,701.8000000000081,Entspannen
701.8000000000081,702.5000000000082,pause
702.5000000000082,703.1000000000082,NaseRuempfen
703.1000000000082,703.8000000000083,pause
703.8000000000083,704.4000000000083,NaseRuempfen
704.4000000000083,705.1000000000083,pause
705.1000000000083,705.7000000000083,Entspannen
705.7000000000083,706.4000000000084,pause
706.4000000000084,707.0000000000084,AugenVerdrehen
707.0000000000084,707.7000000000085,pause
707.7000000000085,708.3000000000085,Blinzeln
708.3000000000085,709.0000000000085,pause
709.0000000000085,709.6000000000085,Entspannen
709.6000000000085,710.3000000000086,pause
710.3000000000086,710.9000000000086,FussBewegen
710.9000000000086,711.6000000000087,pause
711.6000000000087,712.2000000000087,FussBewegen
712.2000000000087,712.9000000000087,pause
712.9000000000087,713.5000000000088,Entspannen
713.5000000000088,714.2000000000088,pause
714.2000000000088,714.8000000000088,Schlucken
714.8000000000088,715.5000000000089,pause
715.5000000000089,716.1000000000089,AugenVerdrehen
716.1000000000089,716.8000000000089,pause
716.8000000000089,717.400000000009,Entspannen
717.400000000009,718.100000000009,pause
718.100000000009,718.700000000009,NaseRuempfen
718.700000000009,719.4000000000091,pause
719.4000000000091,720.0000000000091,LuftAnhalten
720.0000000000091,720.7000000000091,pause
720.7000000000091,721.3000000000092,Entspannen
721.3000000000092,722.0000000000092,pause
722.0000000000092,722.6000000000092,ForciertesAtmen
722.6000000000092,723.3000000000093,pause
723.3000000000093,723.9000000000093,LuftAnhalten
723.9000000000093,724.6000000000093,pause
724.6000000000093,725.2000000000094,NaseRuempfen
725.2000000000094,725.9000000000094,pause
725.9000000000094,726.5000000000094,ZungeGegenGaumen
726.5000000000094,727.2000000000095,pause
727.2000000000095,727.8000000000095,Entspannen
727.8000000000095,728.5000000000095,pause
728.5000000000095,729.1000000000096,AugenVerdrehen
729.1000000000096,729.8000000000096,pause
729.8000000000096,730.4000000000096,LuftAnhalten
730.4000000000096,731.1000000000097,pause
731.1000000000097,731.7000000000097,Entspannen
731.7000000000097,732.4000000000098,pause
732.4000000000098,733.0000000000098,AugenVerdrehen
733.0000000000098,733.7000000000098,pause
733.7000000000098,734.3000000000098,Entspannen
734.3000000000098,735.0000000000099,pause
735.0000000000099,735.6000000000099,NaseRuempfen
735.6000000000099,736.30000000001,pause
736.30000000001,736.90000000001,Entspannen
736.90000000001,737.60000000001,pause
737.60000000001,738.20000000001,ZungeGegenGaumen
738.20000000001,738.9000000000101,pause
738.9000000000101,739.5000000000101,LuftAnhalten
739.5000000000101,740.2000000000102,pause
740.2000000000102,740.8000000000102,Entspannen
740.8000000000102,741.5000000000102,pause
741.5000000000102,742.1000000000103,FussBewegen
742.1000000000103,742.8000000000103,pause
742.8000000000103,743.4000000000103,LuftAnhalten
743.4000000000103,744.1000000000104,pause
744.1000000000104,744.7000000000104,AugenVerdrehen
744.7000000000104,745.4000000000104,pause
745.4000000000104,746.0000000000105,ForciertesAtmen
